img,type,weird_imgs,path
"21.331533, -157.865814_freq_1",0,,"sxm-ecommerce-p66-location-data/version2/training_freqs/img_21.331533, -157.865814_freq_1.png"
"21.331533, -157.865814_freq_2",0,,"sxm-ecommerce-p66-location-data/version2/training_freqs/img_21.331533, -157.865814_freq_2.png"
"21.331533, -157.865814_freq_3",1,,"sxm-ecommerce-p66-location-data/version2/training_freqs/img_21.331533, -157.865814_freq_3.png"
"21.331533, -157.865814_freq_4",0,,"sxm-ecommerce-p66-location-data/version2/training_freqs/img_21.331533, -157.865814_freq_4.png"
"28.782888, -97.045563_freq_1",0,,"sxm-ecommerce-p66-location-data/version2/training_freqs/img_28.782888, -97.045563_freq_1.png"
"28.782888, -97.045563_freq_2",0,,"sxm-ecommerce-p66-location-data/version2/training_freqs/img_28.782888, -97.045563_freq_2.png"
"28.782888, -97.045563_freq_3",1,,"sxm-ecommerce-p66-location-data/version2/training_freqs/img_28.782888, -97.045563_freq_3.png"
"28.782888, -97.045563_freq_4",0,,"sxm-ecommerce-p66-location-data/version2/training_freqs/img_28.782888, -97.045563_freq_4.png"
"29.449435, -95.078111_freq_1",0,,"sxm-ecommerce-p66-location-data/version2/training_freqs/img_29.449435, -95.078111_freq_1.png"
"29.449435, -95.078111_freq_2",1,,"sxm-ecommerce-p66-location-data/version2/training_freqs/img_29.449435, -95.078111_freq_2.png"
"29.449435, -95.078111_freq_3",1,,"sxm-ecommerce-p66-location-data/version2/training_freqs/img_29.449435, -95.078111_freq_3.png"
"29.449435, -95.078111_freq_4",0,,"sxm-ecommerce-p66-location-data/version2/training_freqs/img_29.449435, -95.078111_freq_4.png"
"29.617713, -95.564214_freq_1",0,,"sxm-ecommerce-p66-location-data/version2/training_freqs/img_29.617713, -95.564214_freq_1.png"
"29.617713, -95.564214_freq_2",0,,"sxm-ecommerce-p66-location-data/version2/training_freqs/img_29.617713, -95.564214_freq_2.png"
"29.617713, -95.564214_freq_3",1,,"sxm-ecommerce-p66-location-data/version2/training_freqs/img_29.617713, -95.564214_freq_3.png"
"29.617713, -95.564214_freq_4",0,,"sxm-ecommerce-p66-location-data/version2/training_freqs/img_29.617713, -95.564214_freq_4.png"
"30.166849, -81.748018_freq_1",0,,"sxm-ecommerce-p66-location-data/version2/training_freqs/img_30.166849, -81.748018_freq_1.png"
"30.166849, -81.748018_freq_2",0,,"sxm-ecommerce-p66-location-data/version2/training_freqs/img_30.166849, -81.748018_freq_2.png"
"30.166849, -81.748018_freq_3",1,,"sxm-ecommerce-p66-location-data/version2/training_freqs/img_30.166849, -81.748018_freq_3.png"
"30.166849, -81.748018_freq_4",0,,"sxm-ecommerce-p66-location-data/version2/training_freqs/img_30.166849, -81.748018_freq_4.png"
"30.742342, -99.225417_freq_1",1,,"sxm-ecommerce-p66-location-data/version2/training_freqs/img_30.742342, -99.225417_freq_1.png"
"30.742342, -99.225417_freq_2",1,,"sxm-ecommerce-p66-location-data/version2/training_freqs/img_30.742342, -99.225417_freq_2.png"
"30.742342, -99.225417_freq_3",0,,"sxm-ecommerce-p66-location-data/version2/training_freqs/img_30.742342, -99.225417_freq_3.png"
"30.742342, -99.225417_freq_4",0,,"sxm-ecommerce-p66-location-data/version2/training_freqs/img_30.742342, -99.225417_freq_4.png"
"31.782211, -97.576846_freq_1",1,,"sxm-ecommerce-p66-location-data/version2/training_freqs/img_31.782211, -97.576846_freq_1.png"
"31.782211, -97.576846_freq_2",0,,"sxm-ecommerce-p66-location-data/version2/training_freqs/img_31.782211, -97.576846_freq_2.png"
"31.782211, -97.576846_freq_3",1,,"sxm-ecommerce-p66-location-data/version2/training_freqs/img_31.782211, -97.576846_freq_3.png"
"31.782211, -97.576846_freq_4",0,,"sxm-ecommerce-p66-location-data/version2/training_freqs/img_31.782211, -97.576846_freq_4.png"
"32.012106, -90.357557_freq_1",1,,"sxm-ecommerce-p66-location-data/version2/training_freqs/img_32.012106, -90.357557_freq_1.png"
"32.012106, -90.357557_freq_2",0,,"sxm-ecommerce-p66-location-data/version2/training_freqs/img_32.012106, -90.357557_freq_2.png"
"32.012106, -90.357557_freq_3",1,,"sxm-ecommerce-p66-location-data/version2/training_freqs/img_32.012106, -90.357557_freq_3.png"
"32.012106, -90.357557_freq_4",0,,"sxm-ecommerce-p66-location-data/version2/training_freqs/img_32.012106, -90.357557_freq_4.png"
"32.156635, -94.345393_freq_1",0,,"sxm-ecommerce-p66-location-data/version2/training_freqs/img_32.156635, -94.345393_freq_1.png"
"32.156635, -94.345393_freq_2",0,,"sxm-ecommerce-p66-location-data/version2/training_freqs/img_32.156635, -94.345393_freq_2.png"
"32.156635, -94.345393_freq_3",1,,"sxm-ecommerce-p66-location-data/version2/training_freqs/img_32.156635, -94.345393_freq_3.png"
"32.156635, -94.345393_freq_4",0,,"sxm-ecommerce-p66-location-data/version2/training_freqs/img_32.156635, -94.345393_freq_4.png"
"32.196769, -95.853902_freq_1",0,,"sxm-ecommerce-p66-location-data/version2/training_freqs/img_32.196769, -95.853902_freq_1.png"
"32.196769, -95.853902_freq_2",0,,"sxm-ecommerce-p66-location-data/version2/training_freqs/img_32.196769, -95.853902_freq_2.png"
"32.196769, -95.853902_freq_3",1,,"sxm-ecommerce-p66-location-data/version2/training_freqs/img_32.196769, -95.853902_freq_3.png"
"32.196769, -95.853902_freq_4",0,,"sxm-ecommerce-p66-location-data/version2/training_freqs/img_32.196769, -95.853902_freq_4.png"
"32.621311, -93.268366_freq_1",0,,"sxm-ecommerce-p66-location-data/version2/training_freqs/img_32.621311, -93.268366_freq_1.png"
"32.621311, -93.268366_freq_2",1,,"sxm-ecommerce-p66-location-data/version2/training_freqs/img_32.621311, -93.268366_freq_2.png"
"32.621311, -93.268366_freq_3",1,,"sxm-ecommerce-p66-location-data/version2/training_freqs/img_32.621311, -93.268366_freq_3.png"
"32.621311, -93.268366_freq_4",0,,"sxm-ecommerce-p66-location-data/version2/training_freqs/img_32.621311, -93.268366_freq_4.png"
"32.755714, -117.126091_freq_1",1,,"sxm-ecommerce-p66-location-data/version2/training_freqs/img_32.755714, -117.126091_freq_1.png"
"32.755714, -117.126091_freq_2",0,,"sxm-ecommerce-p66-location-data/version2/training_freqs/img_32.755714, -117.126091_freq_2.png"
"32.755714, -117.126091_freq_3",1,,"sxm-ecommerce-p66-location-data/version2/training_freqs/img_32.755714, -117.126091_freq_3.png"
"32.755714, -117.126091_freq_4",0,,"sxm-ecommerce-p66-location-data/version2/training_freqs/img_32.755714, -117.126091_freq_4.png"
"32.781604, -97.388521_freq_1",0,,"sxm-ecommerce-p66-location-data/version2/training_freqs/img_32.781604, -97.388521_freq_1.png"
"32.781604, -97.388521_freq_2",0,,"sxm-ecommerce-p66-location-data/version2/training_freqs/img_32.781604, -97.388521_freq_2.png"
"32.781604, -97.388521_freq_3",1,,"sxm-ecommerce-p66-location-data/version2/training_freqs/img_32.781604, -97.388521_freq_3.png"
"32.781604, -97.388521_freq_4",0,,"sxm-ecommerce-p66-location-data/version2/training_freqs/img_32.781604, -97.388521_freq_4.png"
"32.876899, -117.186056_freq_1",0,,"sxm-ecommerce-p66-location-data/version2/training_freqs/img_32.876899, -117.186056_freq_1.png"
"32.876899, -117.186056_freq_2",0,,"sxm-ecommerce-p66-location-data/version2/training_freqs/img_32.876899, -117.186056_freq_2.png"
"32.876899, -117.186056_freq_3",1,,"sxm-ecommerce-p66-location-data/version2/training_freqs/img_32.876899, -117.186056_freq_3.png"
"32.876899, -117.186056_freq_4",0,,"sxm-ecommerce-p66-location-data/version2/training_freqs/img_32.876899, -117.186056_freq_4.png"
"33.037973, -111.378656_freq_1",0,,"sxm-ecommerce-p66-location-data/version2/training_freqs/img_33.037973, -111.378656_freq_1.png"
"33.037973, -111.378656_freq_2",1,,"sxm-ecommerce-p66-location-data/version2/training_freqs/img_33.037973, -111.378656_freq_2.png"
"33.037973, -111.378656_freq_3",1,,"sxm-ecommerce-p66-location-data/version2/training_freqs/img_33.037973, -111.378656_freq_3.png"
"33.037973, -111.378656_freq_4",0,,"sxm-ecommerce-p66-location-data/version2/training_freqs/img_33.037973, -111.378656_freq_4.png"
"33.611694, -114.725608_freq_1",0,,"sxm-ecommerce-p66-location-data/version2/training_freqs/img_33.611694, -114.725608_freq_1.png"
"33.611694, -114.725608_freq_2",0,,"sxm-ecommerce-p66-location-data/version2/training_freqs/img_33.611694, -114.725608_freq_2.png"
"33.611694, -114.725608_freq_3",1,,"sxm-ecommerce-p66-location-data/version2/training_freqs/img_33.611694, -114.725608_freq_3.png"
"33.611694, -114.725608_freq_4",0,,"sxm-ecommerce-p66-location-data/version2/training_freqs/img_33.611694, -114.725608_freq_4.png"
"33.836291, -118.328960_freq_1",0,,"sxm-ecommerce-p66-location-data/version2/training_freqs/img_33.836291, -118.328960_freq_1.png"
"33.836291, -118.328960_freq_2",0,,"sxm-ecommerce-p66-location-data/version2/training_freqs/img_33.836291, -118.328960_freq_2.png"
"33.836291, -118.328960_freq_3",1,,"sxm-ecommerce-p66-location-data/version2/training_freqs/img_33.836291, -118.328960_freq_3.png"
"33.836291, -118.328960_freq_4",0,,"sxm-ecommerce-p66-location-data/version2/training_freqs/img_33.836291, -118.328960_freq_4.png"
"33.858246, -118.082556_freq_1",0,,"sxm-ecommerce-p66-location-data/version2/training_freqs/img_33.858246, -118.082556_freq_1.png"
"33.858246, -118.082556_freq_2",0,,"sxm-ecommerce-p66-location-data/version2/training_freqs/img_33.858246, -118.082556_freq_2.png"
"33.858246, -118.082556_freq_3",1,,"sxm-ecommerce-p66-location-data/version2/training_freqs/img_33.858246, -118.082556_freq_3.png"
"33.858246, -118.082556_freq_4",0,,"sxm-ecommerce-p66-location-data/version2/training_freqs/img_33.858246, -118.082556_freq_4.png"
"34.042803, -118.219286_freq_1",0,,"sxm-ecommerce-p66-location-data/version2/training_freqs/img_34.042803, -118.219286_freq_1.png"
"34.042803, -118.219286_freq_2",1,,"sxm-ecommerce-p66-location-data/version2/training_freqs/img_34.042803, -118.219286_freq_2.png"
"34.042803, -118.219286_freq_3",0,,"sxm-ecommerce-p66-location-data/version2/training_freqs/img_34.042803, -118.219286_freq_3.png"
"34.042803, -118.219286_freq_4",0,,"sxm-ecommerce-p66-location-data/version2/training_freqs/img_34.042803, -118.219286_freq_4.png"
"34.075591, -117.719565_freq_1",0,,"sxm-ecommerce-p66-location-data/version2/training_freqs/img_34.075591, -117.719565_freq_1.png"
"34.075591, -117.719565_freq_2",0,,"sxm-ecommerce-p66-location-data/version2/training_freqs/img_34.075591, -117.719565_freq_2.png"
"34.075591, -117.719565_freq_3",1,,"sxm-ecommerce-p66-location-data/version2/training_freqs/img_34.075591, -117.719565_freq_3.png"
"34.075591, -117.719565_freq_4",0,,"sxm-ecommerce-p66-location-data/version2/training_freqs/img_34.075591, -117.719565_freq_4.png"
"34.077039, -118.046992_freq_1",0,,"sxm-ecommerce-p66-location-data/version2/training_freqs/img_34.077039, -118.046992_freq_1.png"
"34.077039, -118.046992_freq_2",0,,"sxm-ecommerce-p66-location-data/version2/training_freqs/img_34.077039, -118.046992_freq_2.png"
"34.077039, -118.046992_freq_3",1,,"sxm-ecommerce-p66-location-data/version2/training_freqs/img_34.077039, -118.046992_freq_3.png"
"34.077039, -118.046992_freq_4",0,,"sxm-ecommerce-p66-location-data/version2/training_freqs/img_34.077039, -118.046992_freq_4.png"
"34.221697, -118.467373_freq_1",0,,"sxm-ecommerce-p66-location-data/version2/training_freqs/img_34.221697, -118.467373_freq_1.png"
"34.221697, -118.467373_freq_2",0,,"sxm-ecommerce-p66-location-data/version2/training_freqs/img_34.221697, -118.467373_freq_2.png"
"34.221697, -118.467373_freq_3",1,,"sxm-ecommerce-p66-location-data/version2/training_freqs/img_34.221697, -118.467373_freq_3.png"
"34.221697, -118.467373_freq_4",0,,"sxm-ecommerce-p66-location-data/version2/training_freqs/img_34.221697, -118.467373_freq_4.png"
"34.311032, -92.413717_freq_1",0,,"sxm-ecommerce-p66-location-data/version2/training_freqs/img_34.311032, -92.413717_freq_1.png"
"34.311032, -92.413717_freq_2",1,,"sxm-ecommerce-p66-location-data/version2/training_freqs/img_34.311032, -92.413717_freq_2.png"
"34.311032, -92.413717_freq_3",1,,"sxm-ecommerce-p66-location-data/version2/training_freqs/img_34.311032, -92.413717_freq_3.png"
"34.311032, -92.413717_freq_4",0,,"sxm-ecommerce-p66-location-data/version2/training_freqs/img_34.311032, -92.413717_freq_4.png"
"34.493382, -118.199384_freq_1",0,,"sxm-ecommerce-p66-location-data/version2/training_freqs/img_34.493382, -118.199384_freq_1.png"
"34.493382, -118.199384_freq_2",0,,"sxm-ecommerce-p66-location-data/version2/training_freqs/img_34.493382, -118.199384_freq_2.png"
"34.493382, -118.199384_freq_3",1,,"sxm-ecommerce-p66-location-data/version2/training_freqs/img_34.493382, -118.199384_freq_3.png"
"34.493382, -118.199384_freq_4",0,,"sxm-ecommerce-p66-location-data/version2/training_freqs/img_34.493382, -118.199384_freq_4.png"
"34.556566, -117.288937_freq_1",0,,"sxm-ecommerce-p66-location-data/version2/training_freqs/img_34.556566, -117.288937_freq_1.png"
"34.556566, -117.288937_freq_2",1,,"sxm-ecommerce-p66-location-data/version2/training_freqs/img_34.556566, -117.288937_freq_2.png"
"34.556566, -117.288937_freq_3",1,,"sxm-ecommerce-p66-location-data/version2/training_freqs/img_34.556566, -117.288937_freq_3.png"
"34.556566, -117.288937_freq_4",0,Error Road not detected,"sxm-ecommerce-p66-location-data/version2/training_freqs/img_34.556566, -117.288937_freq_4.png"
"34.865696, -111.764206_freq_1",0,,"sxm-ecommerce-p66-location-data/version2/training_freqs/img_34.865696, -111.764206_freq_1.png"
"34.865696, -111.764206_freq_2",0,,"sxm-ecommerce-p66-location-data/version2/training_freqs/img_34.865696, -111.764206_freq_2.png"
"34.865696, -111.764206_freq_3",1,,"sxm-ecommerce-p66-location-data/version2/training_freqs/img_34.865696, -111.764206_freq_3.png"
"34.865696, -111.764206_freq_4",0,,"sxm-ecommerce-p66-location-data/version2/training_freqs/img_34.865696, -111.764206_freq_4.png"
"34.983854, -97.370283_freq_1",0,,"sxm-ecommerce-p66-location-data/version2/training_freqs/img_34.983854, -97.370283_freq_1.png"
"34.983854, -97.370283_freq_2",0,,"sxm-ecommerce-p66-location-data/version2/training_freqs/img_34.983854, -97.370283_freq_2.png"
"34.983854, -97.370283_freq_3",1,,"sxm-ecommerce-p66-location-data/version2/training_freqs/img_34.983854, -97.370283_freq_3.png"
"34.983854, -97.370283_freq_4",0,,"sxm-ecommerce-p66-location-data/version2/training_freqs/img_34.983854, -97.370283_freq_4.png"
"35.042763, -110.699143_freq_1",0,,"sxm-ecommerce-p66-location-data/version2/training_freqs/img_35.042763, -110.699143_freq_1.png"
"35.042763, -110.699143_freq_2",1,,"sxm-ecommerce-p66-location-data/version2/training_freqs/img_35.042763, -110.699143_freq_2.png"
"35.042763, -110.699143_freq_3",1,,"sxm-ecommerce-p66-location-data/version2/training_freqs/img_35.042763, -110.699143_freq_3.png"
"35.042763, -110.699143_freq_4",0,,"sxm-ecommerce-p66-location-data/version2/training_freqs/img_35.042763, -110.699143_freq_4.png"
"35.218759, -97.422209_freq_1",0,,"sxm-ecommerce-p66-location-data/version2/training_freqs/img_35.218759, -97.422209_freq_1.png"
"35.218759, -97.422209_freq_2",0,,"sxm-ecommerce-p66-location-data/version2/training_freqs/img_35.218759, -97.422209_freq_2.png"
"35.218759, -97.422209_freq_3",1,,"sxm-ecommerce-p66-location-data/version2/training_freqs/img_35.218759, -97.422209_freq_3.png"
"35.218759, -97.422209_freq_4",0,,"sxm-ecommerce-p66-location-data/version2/training_freqs/img_35.218759, -97.422209_freq_4.png"
"35.270870, -111.544006_freq_1",0,,"sxm-ecommerce-p66-location-data/version2/training_freqs/img_35.270870, -111.544006_freq_1.png"
"35.270870, -111.544006_freq_2",1,,"sxm-ecommerce-p66-location-data/version2/training_freqs/img_35.270870, -111.544006_freq_2.png"
"35.270870, -111.544006_freq_3",1,,"sxm-ecommerce-p66-location-data/version2/training_freqs/img_35.270870, -111.544006_freq_3.png"
"35.270870, -111.544006_freq_4",0,,"sxm-ecommerce-p66-location-data/version2/training_freqs/img_35.270870, -111.544006_freq_4.png"
"35.404598, -94.460398_freq_1",0,,"sxm-ecommerce-p66-location-data/version2/training_freqs/img_35.404598, -94.460398_freq_1.png"
"35.404598, -94.460398_freq_2",1,,"sxm-ecommerce-p66-location-data/version2/training_freqs/img_35.404598, -94.460398_freq_2.png"
"35.404598, -94.460398_freq_3",1,,"sxm-ecommerce-p66-location-data/version2/training_freqs/img_35.404598, -94.460398_freq_3.png"
"35.404598, -94.460398_freq_4",0,,"sxm-ecommerce-p66-location-data/version2/training_freqs/img_35.404598, -94.460398_freq_4.png"
"35.463771, -97.417655_freq_1",0,,"sxm-ecommerce-p66-location-data/version2/training_freqs/img_35.463771, -97.417655_freq_1.png"
"35.463771, -97.417655_freq_2",0,,"sxm-ecommerce-p66-location-data/version2/training_freqs/img_35.463771, -97.417655_freq_2.png"
"35.463771, -97.417655_freq_3",1,,"sxm-ecommerce-p66-location-data/version2/training_freqs/img_35.463771, -97.417655_freq_3.png"
"35.463771, -97.417655_freq_4",0,,"sxm-ecommerce-p66-location-data/version2/training_freqs/img_35.463771, -97.417655_freq_4.png"
"35.464036, -97.530790_freq_1",0,,"sxm-ecommerce-p66-location-data/version2/training_freqs/img_35.464036, -97.530790_freq_1.png"
"35.464036, -97.530790_freq_2",0,,"sxm-ecommerce-p66-location-data/version2/training_freqs/img_35.464036, -97.530790_freq_2.png"
"35.464036, -97.530790_freq_3",1,,"sxm-ecommerce-p66-location-data/version2/training_freqs/img_35.464036, -97.530790_freq_3.png"
"35.464036, -97.530790_freq_4",0,,"sxm-ecommerce-p66-location-data/version2/training_freqs/img_35.464036, -97.530790_freq_4.png"
"35.467226, -93.831410_freq_1",0,,"sxm-ecommerce-p66-location-data/version2/training_freqs/img_35.467226, -93.831410_freq_1.png"
"35.467226, -93.831410_freq_2",1,,"sxm-ecommerce-p66-location-data/version2/training_freqs/img_35.467226, -93.831410_freq_2.png"
"35.467226, -93.831410_freq_3",0,,"sxm-ecommerce-p66-location-data/version2/training_freqs/img_35.467226, -93.831410_freq_3.png"
"35.467226, -93.831410_freq_4",0,,"sxm-ecommerce-p66-location-data/version2/training_freqs/img_35.467226, -93.831410_freq_4.png"
"35.484282, -120.665052_freq_1",1,,"sxm-ecommerce-p66-location-data/version2/training_freqs/img_35.484282, -120.665052_freq_1.png"
"35.484282, -120.665052_freq_2",0,,"sxm-ecommerce-p66-location-data/version2/training_freqs/img_35.484282, -120.665052_freq_2.png"
"35.484282, -120.665052_freq_3",1,,"sxm-ecommerce-p66-location-data/version2/training_freqs/img_35.484282, -120.665052_freq_3.png"
"35.484282, -120.665052_freq_4",0,,"sxm-ecommerce-p66-location-data/version2/training_freqs/img_35.484282, -120.665052_freq_4.png"
"35.507775, -87.226297_freq_1",0,,"sxm-ecommerce-p66-location-data/version2/training_freqs/img_35.507775, -87.226297_freq_1.png"
"35.507775, -87.226297_freq_2",0,,"sxm-ecommerce-p66-location-data/version2/training_freqs/img_35.507775, -87.226297_freq_2.png"
"35.507775, -87.226297_freq_3",1,,"sxm-ecommerce-p66-location-data/version2/training_freqs/img_35.507775, -87.226297_freq_3.png"
"35.507775, -87.226297_freq_4",0,,"sxm-ecommerce-p66-location-data/version2/training_freqs/img_35.507775, -87.226297_freq_4.png"
"35.929514, -94.966497_freq_1",0,,"sxm-ecommerce-p66-location-data/version2/training_freqs/img_35.929514, -94.966497_freq_1.png"
"35.929514, -94.966497_freq_2",1,,"sxm-ecommerce-p66-location-data/version2/training_freqs/img_35.929514, -94.966497_freq_2.png"
"35.929514, -94.966497_freq_3",0,,"sxm-ecommerce-p66-location-data/version2/training_freqs/img_35.929514, -94.966497_freq_3.png"
"35.929514, -94.966497_freq_4",0,,"sxm-ecommerce-p66-location-data/version2/training_freqs/img_35.929514, -94.966497_freq_4.png"
"35.981815, -87.317253_freq_1",0,,"sxm-ecommerce-p66-location-data/version2/training_freqs/img_35.981815, -87.317253_freq_1.png"
"35.981815, -87.317253_freq_2",1,,"sxm-ecommerce-p66-location-data/version2/training_freqs/img_35.981815, -87.317253_freq_2.png"
"35.981815, -87.317253_freq_3",1,,"sxm-ecommerce-p66-location-data/version2/training_freqs/img_35.981815, -87.317253_freq_3.png"
"35.981815, -87.317253_freq_4",0,,"sxm-ecommerce-p66-location-data/version2/training_freqs/img_35.981815, -87.317253_freq_4.png"
"36.168284, -95.922185_freq_1",1,,"sxm-ecommerce-p66-location-data/version2/training_freqs/img_36.168284, -95.922185_freq_1.png"
"36.168284, -95.922185_freq_2",0,,"sxm-ecommerce-p66-location-data/version2/training_freqs/img_36.168284, -95.922185_freq_2.png"
"36.168284, -95.922185_freq_3",0,,"sxm-ecommerce-p66-location-data/version2/training_freqs/img_36.168284, -95.922185_freq_3.png"
"36.168284, -95.922185_freq_4",0,,"sxm-ecommerce-p66-location-data/version2/training_freqs/img_36.168284, -95.922185_freq_4.png"
"36.461764, -94.302287_freq_1",0,,"sxm-ecommerce-p66-location-data/version2/training_freqs/img_36.461764, -94.302287_freq_1.png"
"36.461764, -94.302287_freq_2",0,,"sxm-ecommerce-p66-location-data/version2/training_freqs/img_36.461764, -94.302287_freq_2.png"
"36.461764, -94.302287_freq_3",1,,"sxm-ecommerce-p66-location-data/version2/training_freqs/img_36.461764, -94.302287_freq_3.png"
"36.461764, -94.302287_freq_4",0,,"sxm-ecommerce-p66-location-data/version2/training_freqs/img_36.461764, -94.302287_freq_4.png"
"36.493792, -90.064697_freq_1",1,,"sxm-ecommerce-p66-location-data/version2/training_freqs/img_36.493792, -90.064697_freq_1.png"
"36.493792, -90.064697_freq_2",0,,"sxm-ecommerce-p66-location-data/version2/training_freqs/img_36.493792, -90.064697_freq_2.png"
"36.493792, -90.064697_freq_3",1,,"sxm-ecommerce-p66-location-data/version2/training_freqs/img_36.493792, -90.064697_freq_3.png"
"36.493792, -90.064697_freq_4",0,,"sxm-ecommerce-p66-location-data/version2/training_freqs/img_36.493792, -90.064697_freq_4.png"
"36.642210, -93.204353_freq_1",0,,"sxm-ecommerce-p66-location-data/version2/training_freqs/img_36.642210, -93.204353_freq_1.png"
"36.642210, -93.204353_freq_2",1,,"sxm-ecommerce-p66-location-data/version2/training_freqs/img_36.642210, -93.204353_freq_2.png"
"36.642210, -93.204353_freq_3",0,,"sxm-ecommerce-p66-location-data/version2/training_freqs/img_36.642210, -93.204353_freq_3.png"
"36.642210, -93.204353_freq_4",0,,"sxm-ecommerce-p66-location-data/version2/training_freqs/img_36.642210, -93.204353_freq_4.png"
"36.808486, -119.874246_freq_1",0,,"sxm-ecommerce-p66-location-data/version2/training_freqs/img_36.808486, -119.874246_freq_1.png"
"36.808486, -119.874246_freq_2",0,,"sxm-ecommerce-p66-location-data/version2/training_freqs/img_36.808486, -119.874246_freq_2.png"
"36.808486, -119.874246_freq_3",1,,"sxm-ecommerce-p66-location-data/version2/training_freqs/img_36.808486, -119.874246_freq_3.png"
"36.808486, -119.874246_freq_4",0,,"sxm-ecommerce-p66-location-data/version2/training_freqs/img_36.808486, -119.874246_freq_4.png"
"36.889373, -89.543596_freq_1",0,,"sxm-ecommerce-p66-location-data/version2/training_freqs/img_36.889373, -89.543596_freq_1.png"
"36.889373, -89.543596_freq_2",1,,"sxm-ecommerce-p66-location-data/version2/training_freqs/img_36.889373, -89.543596_freq_2.png"
"36.889373, -89.543596_freq_3",0,,"sxm-ecommerce-p66-location-data/version2/training_freqs/img_36.889373, -89.543596_freq_3.png"
"36.889373, -89.543596_freq_4",0,,"sxm-ecommerce-p66-location-data/version2/training_freqs/img_36.889373, -89.543596_freq_4.png"
"37.056880, -120.855790_freq_1",1,,"sxm-ecommerce-p66-location-data/version2/training_freqs/img_37.056880, -120.855790_freq_1.png"
"37.056880, -120.855790_freq_2",1,,"sxm-ecommerce-p66-location-data/version2/training_freqs/img_37.056880, -120.855790_freq_2.png"
"37.056880, -120.855790_freq_3",0,,"sxm-ecommerce-p66-location-data/version2/training_freqs/img_37.056880, -120.855790_freq_3.png"
"37.056880, -120.855790_freq_4",0,,"sxm-ecommerce-p66-location-data/version2/training_freqs/img_37.056880, -120.855790_freq_4.png"
"37.315876, -122.031860_freq_1",0,,"sxm-ecommerce-p66-location-data/version2/training_freqs/img_37.315876, -122.031860_freq_1.png"
"37.315876, -122.031860_freq_2",0,,"sxm-ecommerce-p66-location-data/version2/training_freqs/img_37.315876, -122.031860_freq_2.png"
"37.315876, -122.031860_freq_3",1,,"sxm-ecommerce-p66-location-data/version2/training_freqs/img_37.315876, -122.031860_freq_3.png"
"37.315876, -122.031860_freq_4",0,,"sxm-ecommerce-p66-location-data/version2/training_freqs/img_37.315876, -122.031860_freq_4.png"
"37.568253, -122.026146_freq_1",0,,"sxm-ecommerce-p66-location-data/version2/training_freqs/img_37.568253, -122.026146_freq_1.png"
"37.568253, -122.026146_freq_2",0,,"sxm-ecommerce-p66-location-data/version2/training_freqs/img_37.568253, -122.026146_freq_2.png"
"37.568253, -122.026146_freq_3",1,,"sxm-ecommerce-p66-location-data/version2/training_freqs/img_37.568253, -122.026146_freq_3.png"
"37.568253, -122.026146_freq_4",0,,"sxm-ecommerce-p66-location-data/version2/training_freqs/img_37.568253, -122.026146_freq_4.png"
"37.570248, -90.286181_freq_1",1,,"sxm-ecommerce-p66-location-data/version2/training_freqs/img_37.570248, -90.286181_freq_1.png"
"37.570248, -90.286181_freq_2",0,,"sxm-ecommerce-p66-location-data/version2/training_freqs/img_37.570248, -90.286181_freq_2.png"
"37.570248, -90.286181_freq_3",1,,"sxm-ecommerce-p66-location-data/version2/training_freqs/img_37.570248, -90.286181_freq_3.png"
"37.570248, -90.286181_freq_4",0,,"sxm-ecommerce-p66-location-data/version2/training_freqs/img_37.570248, -90.286181_freq_4.png"
"37.673163, -122.085555_freq_1",0,,"sxm-ecommerce-p66-location-data/version2/training_freqs/img_37.673163, -122.085555_freq_1.png"
"37.673163, -122.085555_freq_2",0,,"sxm-ecommerce-p66-location-data/version2/training_freqs/img_37.673163, -122.085555_freq_2.png"
"37.673163, -122.085555_freq_3",1,,"sxm-ecommerce-p66-location-data/version2/training_freqs/img_37.673163, -122.085555_freq_3.png"
"37.673163, -122.085555_freq_4",0,,"sxm-ecommerce-p66-location-data/version2/training_freqs/img_37.673163, -122.085555_freq_4.png"
"37.754088, -100.044436_freq_1",0,,"sxm-ecommerce-p66-location-data/version2/training_freqs/img_37.754088, -100.044436_freq_1.png"
"37.754088, -100.044436_freq_2",0,,"sxm-ecommerce-p66-location-data/version2/training_freqs/img_37.754088, -100.044436_freq_2.png"
"37.754088, -100.044436_freq_3",1,,"sxm-ecommerce-p66-location-data/version2/training_freqs/img_37.754088, -100.044436_freq_3.png"
"37.754088, -100.044436_freq_4",0,,"sxm-ecommerce-p66-location-data/version2/training_freqs/img_37.754088, -100.044436_freq_4.png"
"37.761433, -122.477325_freq_1",1,,"sxm-ecommerce-p66-location-data/version2/training_freqs/img_37.761433, -122.477325_freq_1.png"
"37.761433, -122.477325_freq_2",1,,"sxm-ecommerce-p66-location-data/version2/training_freqs/img_37.761433, -122.477325_freq_2.png"
"37.761433, -122.477325_freq_3",0,,"sxm-ecommerce-p66-location-data/version2/training_freqs/img_37.761433, -122.477325_freq_3.png"
"37.761433, -122.477325_freq_4",0,,"sxm-ecommerce-p66-location-data/version2/training_freqs/img_37.761433, -122.477325_freq_4.png"
"37.810012, -122.245290_freq_1",0,,"sxm-ecommerce-p66-location-data/version2/training_freqs/img_37.810012, -122.245290_freq_1.png"
"37.810012, -122.245290_freq_2",1,,"sxm-ecommerce-p66-location-data/version2/training_freqs/img_37.810012, -122.245290_freq_2.png"
"37.810012, -122.245290_freq_3",1,,"sxm-ecommerce-p66-location-data/version2/training_freqs/img_37.810012, -122.245290_freq_3.png"
"37.810012, -122.245290_freq_4",0,,"sxm-ecommerce-p66-location-data/version2/training_freqs/img_37.810012, -122.245290_freq_4.png"
"38.051319, -97.935127_freq_1",0,,"sxm-ecommerce-p66-location-data/version2/training_freqs/img_38.051319, -97.935127_freq_1.png"
"38.051319, -97.935127_freq_2",0,,"sxm-ecommerce-p66-location-data/version2/training_freqs/img_38.051319, -97.935127_freq_2.png"
"38.051319, -97.935127_freq_3",1,,"sxm-ecommerce-p66-location-data/version2/training_freqs/img_38.051319, -97.935127_freq_3.png"
"38.051319, -97.935127_freq_4",0,,"sxm-ecommerce-p66-location-data/version2/training_freqs/img_38.051319, -97.935127_freq_4.png"
"38.306587, -90.531544_freq_1",0,,"sxm-ecommerce-p66-location-data/version2/training_freqs/img_38.306587, -90.531544_freq_1.png"
"38.306587, -90.531544_freq_2",0,,"sxm-ecommerce-p66-location-data/version2/training_freqs/img_38.306587, -90.531544_freq_2.png"
"38.306587, -90.531544_freq_3",1,,"sxm-ecommerce-p66-location-data/version2/training_freqs/img_38.306587, -90.531544_freq_3.png"
"38.306587, -90.531544_freq_4",0,,"sxm-ecommerce-p66-location-data/version2/training_freqs/img_38.306587, -90.531544_freq_4.png"
"38.452114, -122.750846_freq_1",0,,"sxm-ecommerce-p66-location-data/version2/training_freqs/img_38.452114, -122.750846_freq_1.png"
"38.452114, -122.750846_freq_2",0,,"sxm-ecommerce-p66-location-data/version2/training_freqs/img_38.452114, -122.750846_freq_2.png"
"38.452114, -122.750846_freq_3",1,,"sxm-ecommerce-p66-location-data/version2/training_freqs/img_38.452114, -122.750846_freq_3.png"
"38.452114, -122.750846_freq_4",0,,"sxm-ecommerce-p66-location-data/version2/training_freqs/img_38.452114, -122.750846_freq_4.png"
"38.502609, -90.298036_freq_1",1,,"sxm-ecommerce-p66-location-data/version2/training_freqs/img_38.502609, -90.298036_freq_1.png"
"38.502609, -90.298036_freq_2",1,,"sxm-ecommerce-p66-location-data/version2/training_freqs/img_38.502609, -90.298036_freq_2.png"
"38.502609, -90.298036_freq_3",0,,"sxm-ecommerce-p66-location-data/version2/training_freqs/img_38.502609, -90.298036_freq_3.png"
"38.502609, -90.298036_freq_4",0,,"sxm-ecommerce-p66-location-data/version2/training_freqs/img_38.502609, -90.298036_freq_4.png"
"38.542992, -90.192497_freq_1",0,,"sxm-ecommerce-p66-location-data/version2/training_freqs/img_38.542992, -90.192497_freq_1.png"
"38.542992, -90.192497_freq_2",0,,"sxm-ecommerce-p66-location-data/version2/training_freqs/img_38.542992, -90.192497_freq_2.png"
"38.542992, -90.192497_freq_3",0,,"sxm-ecommerce-p66-location-data/version2/training_freqs/img_38.542992, -90.192497_freq_3.png"
"38.542992, -90.192497_freq_4",0,,"sxm-ecommerce-p66-location-data/version2/training_freqs/img_38.542992, -90.192497_freq_4.png"
"38.567398, -90.495452_freq_1",0,,"sxm-ecommerce-p66-location-data/version2/training_freqs/img_38.567398, -90.495452_freq_1.png"
"38.567398, -90.495452_freq_2",0,,"sxm-ecommerce-p66-location-data/version2/training_freqs/img_38.567398, -90.495452_freq_2.png"
"38.567398, -90.495452_freq_3",1,,"sxm-ecommerce-p66-location-data/version2/training_freqs/img_38.567398, -90.495452_freq_3.png"
"38.567398, -90.495452_freq_4",0,,"sxm-ecommerce-p66-location-data/version2/training_freqs/img_38.567398, -90.495452_freq_4.png"
"38.664221, -121.272608_freq_1",0,,"sxm-ecommerce-p66-location-data/version2/training_freqs/img_38.664221, -121.272608_freq_1.png"
"38.664221, -121.272608_freq_2",0,,"sxm-ecommerce-p66-location-data/version2/training_freqs/img_38.664221, -121.272608_freq_2.png"
"38.664221, -121.272608_freq_3",1,,"sxm-ecommerce-p66-location-data/version2/training_freqs/img_38.664221, -121.272608_freq_3.png"
"38.664221, -121.272608_freq_4",0,,"sxm-ecommerce-p66-location-data/version2/training_freqs/img_38.664221, -121.272608_freq_4.png"
"38.685054, -90.339324_freq_1",0,,"sxm-ecommerce-p66-location-data/version2/training_freqs/img_38.685054, -90.339324_freq_1.png"
"38.685054, -90.339324_freq_2",1,,"sxm-ecommerce-p66-location-data/version2/training_freqs/img_38.685054, -90.339324_freq_2.png"
"38.685054, -90.339324_freq_3",0,,"sxm-ecommerce-p66-location-data/version2/training_freqs/img_38.685054, -90.339324_freq_3.png"
"38.685054, -90.339324_freq_4",0,,"sxm-ecommerce-p66-location-data/version2/training_freqs/img_38.685054, -90.339324_freq_4.png"
"38.701206, -90.263960_freq_1",0,,"sxm-ecommerce-p66-location-data/version2/training_freqs/img_38.701206, -90.263960_freq_1.png"
"38.701206, -90.263960_freq_2",1,,"sxm-ecommerce-p66-location-data/version2/training_freqs/img_38.701206, -90.263960_freq_2.png"
"38.701206, -90.263960_freq_3",1,,"sxm-ecommerce-p66-location-data/version2/training_freqs/img_38.701206, -90.263960_freq_3.png"
"38.701206, -90.263960_freq_4",0,,"sxm-ecommerce-p66-location-data/version2/training_freqs/img_38.701206, -90.263960_freq_4.png"
"38.709484, -90.880325_freq_1",0,,"sxm-ecommerce-p66-location-data/version2/training_freqs/img_38.709484, -90.880325_freq_1.png"
"38.709484, -90.880325_freq_2",0,,"sxm-ecommerce-p66-location-data/version2/training_freqs/img_38.709484, -90.880325_freq_2.png"
"38.709484, -90.880325_freq_3",1,,"sxm-ecommerce-p66-location-data/version2/training_freqs/img_38.709484, -90.880325_freq_3.png"
"38.709484, -90.880325_freq_4",0,,"sxm-ecommerce-p66-location-data/version2/training_freqs/img_38.709484, -90.880325_freq_4.png"
"38.798163, -90.559493_freq_1",0,,"sxm-ecommerce-p66-location-data/version2/training_freqs/img_38.798163, -90.559493_freq_1.png"
"38.798163, -90.559493_freq_2",0,,"sxm-ecommerce-p66-location-data/version2/training_freqs/img_38.798163, -90.559493_freq_2.png"
"38.798163, -90.559493_freq_3",1,,"sxm-ecommerce-p66-location-data/version2/training_freqs/img_38.798163, -90.559493_freq_3.png"
"38.798163, -90.559493_freq_4",0,,"sxm-ecommerce-p66-location-data/version2/training_freqs/img_38.798163, -90.559493_freq_4.png"
"38.856704, -104.719581_freq_1",0,,"sxm-ecommerce-p66-location-data/version2/training_freqs/img_38.856704, -104.719581_freq_1.png"
"38.856704, -104.719581_freq_2",1,,"sxm-ecommerce-p66-location-data/version2/training_freqs/img_38.856704, -104.719581_freq_2.png"
"38.856704, -104.719581_freq_3",1,,"sxm-ecommerce-p66-location-data/version2/training_freqs/img_38.856704, -104.719581_freq_3.png"
"38.856704, -104.719581_freq_4",0,,"sxm-ecommerce-p66-location-data/version2/training_freqs/img_38.856704, -104.719581_freq_4.png"
"38.883829, -94.800514_freq_1",0,,"sxm-ecommerce-p66-location-data/version2/training_freqs/img_38.883829, -94.800514_freq_1.png"
"38.883829, -94.800514_freq_2",0,,"sxm-ecommerce-p66-location-data/version2/training_freqs/img_38.883829, -94.800514_freq_2.png"
"38.883829, -94.800514_freq_3",1,,"sxm-ecommerce-p66-location-data/version2/training_freqs/img_38.883829, -94.800514_freq_3.png"
"38.883829, -94.800514_freq_4",0,,"sxm-ecommerce-p66-location-data/version2/training_freqs/img_38.883829, -94.800514_freq_4.png"
"38.886021, -94.724304_freq_1",0,,"sxm-ecommerce-p66-location-data/version2/training_freqs/img_38.886021, -94.724304_freq_1.png"
"38.886021, -94.724304_freq_2",0,,"sxm-ecommerce-p66-location-data/version2/training_freqs/img_38.886021, -94.724304_freq_2.png"
"38.886021, -94.724304_freq_3",1,,"sxm-ecommerce-p66-location-data/version2/training_freqs/img_38.886021, -94.724304_freq_3.png"
"38.886021, -94.724304_freq_4",0,,"sxm-ecommerce-p66-location-data/version2/training_freqs/img_38.886021, -94.724304_freq_4.png"
"38.974446, -94.551028_freq_1",0,,"sxm-ecommerce-p66-location-data/version2/training_freqs/img_38.974446, -94.551028_freq_1.png"
"38.974446, -94.551028_freq_2",0,,"sxm-ecommerce-p66-location-data/version2/training_freqs/img_38.974446, -94.551028_freq_2.png"
"38.974446, -94.551028_freq_3",1,,"sxm-ecommerce-p66-location-data/version2/training_freqs/img_38.974446, -94.551028_freq_3.png"
"38.974446, -94.551028_freq_4",0,,"sxm-ecommerce-p66-location-data/version2/training_freqs/img_38.974446, -94.551028_freq_4.png"
"39.014388, -94.736880_freq_1",0,,"sxm-ecommerce-p66-location-data/version2/training_freqs/img_39.014388, -94.736880_freq_1.png"
"39.014388, -94.736880_freq_2",1,,"sxm-ecommerce-p66-location-data/version2/training_freqs/img_39.014388, -94.736880_freq_2.png"
"39.014388, -94.736880_freq_3",0,,"sxm-ecommerce-p66-location-data/version2/training_freqs/img_39.014388, -94.736880_freq_3.png"
"39.014388, -94.736880_freq_4",0,,"sxm-ecommerce-p66-location-data/version2/training_freqs/img_39.014388, -94.736880_freq_4.png"
"39.173099, -91.886520_freq_1",0,,"sxm-ecommerce-p66-location-data/version2/training_freqs/img_39.173099, -91.886520_freq_1.png"
"39.173099, -91.886520_freq_2",0,,"sxm-ecommerce-p66-location-data/version2/training_freqs/img_39.173099, -91.886520_freq_2.png"
"39.173099, -91.886520_freq_3",1,,"sxm-ecommerce-p66-location-data/version2/training_freqs/img_39.173099, -91.886520_freq_3.png"
"39.173099, -91.886520_freq_4",0,,"sxm-ecommerce-p66-location-data/version2/training_freqs/img_39.173099, -91.886520_freq_4.png"
"39.392193, -119.790039_freq_1",0,,"sxm-ecommerce-p66-location-data/version2/training_freqs/img_39.392193, -119.790039_freq_1.png"
"39.392193, -119.790039_freq_2",0,,"sxm-ecommerce-p66-location-data/version2/training_freqs/img_39.392193, -119.790039_freq_2.png"
"39.392193, -119.790039_freq_3",1,,"sxm-ecommerce-p66-location-data/version2/training_freqs/img_39.392193, -119.790039_freq_3.png"
"39.392193, -119.790039_freq_4",0,,"sxm-ecommerce-p66-location-data/version2/training_freqs/img_39.392193, -119.790039_freq_4.png"
"39.620273, -104.888916_freq_1",0,,"sxm-ecommerce-p66-location-data/version2/training_freqs/img_39.620273, -104.888916_freq_1.png"
"39.620273, -104.888916_freq_2",0,,"sxm-ecommerce-p66-location-data/version2/training_freqs/img_39.620273, -104.888916_freq_2.png"
"39.620273, -104.888916_freq_3",1,,"sxm-ecommerce-p66-location-data/version2/training_freqs/img_39.620273, -104.888916_freq_3.png"
"39.620273, -104.888916_freq_4",0,,"sxm-ecommerce-p66-location-data/version2/training_freqs/img_39.620273, -104.888916_freq_4.png"
"39.695696, -105.071700_freq_1",0,,"sxm-ecommerce-p66-location-data/version2/training_freqs/img_39.695696, -105.071700_freq_1.png"
"39.695696, -105.071700_freq_2",0,,"sxm-ecommerce-p66-location-data/version2/training_freqs/img_39.695696, -105.071700_freq_2.png"
"39.695696, -105.071700_freq_3",1,,"sxm-ecommerce-p66-location-data/version2/training_freqs/img_39.695696, -105.071700_freq_3.png"
"39.695696, -105.071700_freq_4",0,,"sxm-ecommerce-p66-location-data/version2/training_freqs/img_39.695696, -105.071700_freq_4.png"
"39.781769, -86.083413_freq_1",0,,"sxm-ecommerce-p66-location-data/version2/training_freqs/img_39.781769, -86.083413_freq_1.png"
"39.781769, -86.083413_freq_2",0,,"sxm-ecommerce-p66-location-data/version2/training_freqs/img_39.781769, -86.083413_freq_2.png"
"39.781769, -86.083413_freq_3",1,,"sxm-ecommerce-p66-location-data/version2/training_freqs/img_39.781769, -86.083413_freq_3.png"
"39.781769, -86.083413_freq_4",0,,"sxm-ecommerce-p66-location-data/version2/training_freqs/img_39.781769, -86.083413_freq_4.png"
"39.855785, -104.956085_freq_1",0,,"sxm-ecommerce-p66-location-data/version2/training_freqs/img_39.855785, -104.956085_freq_1.png"
"39.855785, -104.956085_freq_2",0,,"sxm-ecommerce-p66-location-data/version2/training_freqs/img_39.855785, -104.956085_freq_2.png"
"39.855785, -104.956085_freq_3",1,,"sxm-ecommerce-p66-location-data/version2/training_freqs/img_39.855785, -104.956085_freq_3.png"
"39.855785, -104.956085_freq_4",0,,"sxm-ecommerce-p66-location-data/version2/training_freqs/img_39.855785, -104.956085_freq_4.png"
"39.875982, -75.121634_freq_1",1,,"sxm-ecommerce-p66-location-data/version2/training_freqs/img_39.875982, -75.121634_freq_1.png"
"39.875982, -75.121634_freq_2",0,,"sxm-ecommerce-p66-location-data/version2/training_freqs/img_39.875982, -75.121634_freq_2.png"
"39.875982, -75.121634_freq_3",1,,"sxm-ecommerce-p66-location-data/version2/training_freqs/img_39.875982, -75.121634_freq_3.png"
"39.875982, -75.121634_freq_4",0,,"sxm-ecommerce-p66-location-data/version2/training_freqs/img_39.875982, -75.121634_freq_4.png"
"39.914940, -105.006603_freq_1",0,,"sxm-ecommerce-p66-location-data/version2/training_freqs/img_39.914940, -105.006603_freq_1.png"
"39.914940, -105.006603_freq_2",0,,"sxm-ecommerce-p66-location-data/version2/training_freqs/img_39.914940, -105.006603_freq_2.png"
"39.914940, -105.006603_freq_3",1,,"sxm-ecommerce-p66-location-data/version2/training_freqs/img_39.914940, -105.006603_freq_3.png"
"39.914940, -105.006603_freq_4",0,,"sxm-ecommerce-p66-location-data/version2/training_freqs/img_39.914940, -105.006603_freq_4.png"
"40.051827, -105.055939_freq_1",0,,"sxm-ecommerce-p66-location-data/version2/training_freqs/img_40.051827, -105.055939_freq_1.png"
"40.051827, -105.055939_freq_2",0,,"sxm-ecommerce-p66-location-data/version2/training_freqs/img_40.051827, -105.055939_freq_2.png"
"40.051827, -105.055939_freq_3",1,,"sxm-ecommerce-p66-location-data/version2/training_freqs/img_40.051827, -105.055939_freq_3.png"
"40.051827, -105.055939_freq_4",0,,"sxm-ecommerce-p66-location-data/version2/training_freqs/img_40.051827, -105.055939_freq_4.png"
"40.127765, -75.347696_freq_1",0,,"sxm-ecommerce-p66-location-data/version2/training_freqs/img_40.127765, -75.347696_freq_1.png"
"40.127765, -75.347696_freq_2",1,,"sxm-ecommerce-p66-location-data/version2/training_freqs/img_40.127765, -75.347696_freq_2.png"
"40.127765, -75.347696_freq_3",0,,"sxm-ecommerce-p66-location-data/version2/training_freqs/img_40.127765, -75.347696_freq_3.png"
"40.127765, -75.347696_freq_4",0,,"sxm-ecommerce-p66-location-data/version2/training_freqs/img_40.127765, -75.347696_freq_4.png"
"40.364099, -111.742177_freq_1",0,,"sxm-ecommerce-p66-location-data/version2/training_freqs/img_40.364099, -111.742177_freq_1.png"
"40.364099, -111.742177_freq_2",0,,"sxm-ecommerce-p66-location-data/version2/training_freqs/img_40.364099, -111.742177_freq_2.png"
"40.364099, -111.742177_freq_3",1,,"sxm-ecommerce-p66-location-data/version2/training_freqs/img_40.364099, -111.742177_freq_3.png"
"40.364099, -111.742177_freq_4",0,,"sxm-ecommerce-p66-location-data/version2/training_freqs/img_40.364099, -111.742177_freq_4.png"
"40.588079, -111.958350_freq_1",0,,"sxm-ecommerce-p66-location-data/version2/training_freqs/img_40.588079, -111.958350_freq_1.png"
"40.588079, -111.958350_freq_2",0,,"sxm-ecommerce-p66-location-data/version2/training_freqs/img_40.588079, -111.958350_freq_2.png"
"40.588079, -111.958350_freq_3",1,,"sxm-ecommerce-p66-location-data/version2/training_freqs/img_40.588079, -111.958350_freq_3.png"
"40.588079, -111.958350_freq_4",0,,"sxm-ecommerce-p66-location-data/version2/training_freqs/img_40.588079, -111.958350_freq_4.png"
"40.788970, -91.115783_freq_1",0,,"sxm-ecommerce-p66-location-data/version2/training_freqs/img_40.788970, -91.115783_freq_1.png"
"40.788970, -91.115783_freq_2",0,,"sxm-ecommerce-p66-location-data/version2/training_freqs/img_40.788970, -91.115783_freq_2.png"
"40.788970, -91.115783_freq_3",1,,"sxm-ecommerce-p66-location-data/version2/training_freqs/img_40.788970, -91.115783_freq_3.png"
"40.788970, -91.115783_freq_4",0,,"sxm-ecommerce-p66-location-data/version2/training_freqs/img_40.788970, -91.115783_freq_4.png"
"40.804153, -96.682148_freq_1",0,,"sxm-ecommerce-p66-location-data/version2/training_freqs/img_40.804153, -96.682148_freq_1.png"
"40.804153, -96.682148_freq_2",0,,"sxm-ecommerce-p66-location-data/version2/training_freqs/img_40.804153, -96.682148_freq_2.png"
"40.804153, -96.682148_freq_3",1,,"sxm-ecommerce-p66-location-data/version2/training_freqs/img_40.804153, -96.682148_freq_3.png"
"40.804153, -96.682148_freq_4",0,,"sxm-ecommerce-p66-location-data/version2/training_freqs/img_40.804153, -96.682148_freq_4.png"
"40.826027, -91.208710_freq_1",0,,"sxm-ecommerce-p66-location-data/version2/training_freqs/img_40.826027, -91.208710_freq_1.png"
"40.826027, -91.208710_freq_2",0,,"sxm-ecommerce-p66-location-data/version2/training_freqs/img_40.826027, -91.208710_freq_2.png"
"40.826027, -91.208710_freq_3",1,,"sxm-ecommerce-p66-location-data/version2/training_freqs/img_40.826027, -91.208710_freq_3.png"
"40.826027, -91.208710_freq_4",0,,"sxm-ecommerce-p66-location-data/version2/training_freqs/img_40.826027, -91.208710_freq_4.png"
"41.113269, -85.176869_freq_1",0,,"sxm-ecommerce-p66-location-data/version2/training_freqs/img_41.113269, -85.176869_freq_1.png"
"41.113269, -85.176869_freq_2",0,,"sxm-ecommerce-p66-location-data/version2/training_freqs/img_41.113269, -85.176869_freq_2.png"
"41.113269, -85.176869_freq_3",1,,"sxm-ecommerce-p66-location-data/version2/training_freqs/img_41.113269, -85.176869_freq_3.png"
"41.113269, -85.176869_freq_4",0,,"sxm-ecommerce-p66-location-data/version2/training_freqs/img_41.113269, -85.176869_freq_4.png"
"41.260788, -96.177233_freq_1",0,,"sxm-ecommerce-p66-location-data/version2/training_freqs/img_41.260788, -96.177233_freq_1.png"
"41.260788, -96.177233_freq_2",0,,"sxm-ecommerce-p66-location-data/version2/training_freqs/img_41.260788, -96.177233_freq_2.png"
"41.260788, -96.177233_freq_3",1,,"sxm-ecommerce-p66-location-data/version2/training_freqs/img_41.260788, -96.177233_freq_3.png"
"41.260788, -96.177233_freq_4",0,,"sxm-ecommerce-p66-location-data/version2/training_freqs/img_41.260788, -96.177233_freq_4.png"
"41.651033, -86.216179_freq_1",0,,"sxm-ecommerce-p66-location-data/version2/training_freqs/img_41.651033, -86.216179_freq_1.png"
"41.651033, -86.216179_freq_2",0,,"sxm-ecommerce-p66-location-data/version2/training_freqs/img_41.651033, -86.216179_freq_2.png"
"41.651033, -86.216179_freq_3",1,,"sxm-ecommerce-p66-location-data/version2/training_freqs/img_41.651033, -86.216179_freq_3.png"
"41.651033, -86.216179_freq_4",0,,"sxm-ecommerce-p66-location-data/version2/training_freqs/img_41.651033, -86.216179_freq_4.png"
"42.325612, -88.983268_freq_1",0,,"sxm-ecommerce-p66-location-data/version2/training_freqs/img_42.325612, -88.983268_freq_1.png"
"42.325612, -88.983268_freq_2",0,,"sxm-ecommerce-p66-location-data/version2/training_freqs/img_42.325612, -88.983268_freq_2.png"
"42.325612, -88.983268_freq_3",1,,"sxm-ecommerce-p66-location-data/version2/training_freqs/img_42.325612, -88.983268_freq_3.png"
"42.325612, -88.983268_freq_4",0,,"sxm-ecommerce-p66-location-data/version2/training_freqs/img_42.325612, -88.983268_freq_4.png"
"42.436798, -96.413577_freq_1",0,,"sxm-ecommerce-p66-location-data/version2/training_freqs/img_42.436798, -96.413577_freq_1.png"
"42.436798, -96.413577_freq_2",0,,"sxm-ecommerce-p66-location-data/version2/training_freqs/img_42.436798, -96.413577_freq_2.png"
"42.436798, -96.413577_freq_3",1,,"sxm-ecommerce-p66-location-data/version2/training_freqs/img_42.436798, -96.413577_freq_3.png"
"42.436798, -96.413577_freq_4",0,,"sxm-ecommerce-p66-location-data/version2/training_freqs/img_42.436798, -96.413577_freq_4.png"
"42.530085, -98.971011_freq_1",0,,"sxm-ecommerce-p66-location-data/version2/training_freqs/img_42.530085, -98.971011_freq_1.png"
"42.530085, -98.971011_freq_2",1,,"sxm-ecommerce-p66-location-data/version2/training_freqs/img_42.530085, -98.971011_freq_2.png"
"42.530085, -98.971011_freq_3",1,,"sxm-ecommerce-p66-location-data/version2/training_freqs/img_42.530085, -98.971011_freq_3.png"
"42.530085, -98.971011_freq_4",0,,"sxm-ecommerce-p66-location-data/version2/training_freqs/img_42.530085, -98.971011_freq_4.png"
"43.467882, -112.003715_freq_1",0,,"sxm-ecommerce-p66-location-data/version2/training_freqs/img_43.467882, -112.003715_freq_1.png"
"43.467882, -112.003715_freq_2",0,,"sxm-ecommerce-p66-location-data/version2/training_freqs/img_43.467882, -112.003715_freq_2.png"
"43.467882, -112.003715_freq_3",1,,"sxm-ecommerce-p66-location-data/version2/training_freqs/img_43.467882, -112.003715_freq_3.png"
"43.467882, -112.003715_freq_4",0,,"sxm-ecommerce-p66-location-data/version2/training_freqs/img_43.467882, -112.003715_freq_4.png"
"44.045524, -122.966851_freq_1",0,,"sxm-ecommerce-p66-location-data/version2/training_freqs/img_44.045524, -122.966851_freq_1.png"
"44.045524, -122.966851_freq_2",0,,"sxm-ecommerce-p66-location-data/version2/training_freqs/img_44.045524, -122.966851_freq_2.png"
"44.045524, -122.966851_freq_3",1,,"sxm-ecommerce-p66-location-data/version2/training_freqs/img_44.045524, -122.966851_freq_3.png"
"44.045524, -122.966851_freq_4",0,,"sxm-ecommerce-p66-location-data/version2/training_freqs/img_44.045524, -122.966851_freq_4.png"
"44.067844, -103.195831_freq_1",0,,"sxm-ecommerce-p66-location-data/version2/training_freqs/img_44.067844, -103.195831_freq_1.png"
"44.067844, -103.195831_freq_2",0,,"sxm-ecommerce-p66-location-data/version2/training_freqs/img_44.067844, -103.195831_freq_2.png"
"44.067844, -103.195831_freq_3",1,,"sxm-ecommerce-p66-location-data/version2/training_freqs/img_44.067844, -103.195831_freq_3.png"
"44.067844, -103.195831_freq_4",0,,"sxm-ecommerce-p66-location-data/version2/training_freqs/img_44.067844, -103.195831_freq_4.png"
"45.306483, -122.948029_freq_1",1,,"sxm-ecommerce-p66-location-data/version2/training_freqs/img_45.306483, -122.948029_freq_1.png"
"45.306483, -122.948029_freq_2",1,,"sxm-ecommerce-p66-location-data/version2/training_freqs/img_45.306483, -122.948029_freq_2.png"
"45.306483, -122.948029_freq_3",0,,"sxm-ecommerce-p66-location-data/version2/training_freqs/img_45.306483, -122.948029_freq_3.png"
"45.306483, -122.948029_freq_4",0,,"sxm-ecommerce-p66-location-data/version2/training_freqs/img_45.306483, -122.948029_freq_4.png"
"45.415814, -122.593356_freq_1",0,,"sxm-ecommerce-p66-location-data/version2/training_freqs/img_45.415814, -122.593356_freq_1.png"
"45.415814, -122.593356_freq_2",0,,"sxm-ecommerce-p66-location-data/version2/training_freqs/img_45.415814, -122.593356_freq_2.png"
"45.415814, -122.593356_freq_3",1,,"sxm-ecommerce-p66-location-data/version2/training_freqs/img_45.415814, -122.593356_freq_3.png"
"45.415814, -122.593356_freq_4",0,,"sxm-ecommerce-p66-location-data/version2/training_freqs/img_45.415814, -122.593356_freq_4.png"
"45.504331, -122.475114_freq_1",0,,"sxm-ecommerce-p66-location-data/version2/training_freqs/img_45.504331, -122.475114_freq_1.png"
"45.504331, -122.475114_freq_2",0,,"sxm-ecommerce-p66-location-data/version2/training_freqs/img_45.504331, -122.475114_freq_2.png"
"45.504331, -122.475114_freq_3",0,,"sxm-ecommerce-p66-location-data/version2/training_freqs/img_45.504331, -122.475114_freq_3.png"
"45.504331, -122.475114_freq_4",1,*,"sxm-ecommerce-p66-location-data/version2/training_freqs/img_45.504331, -122.475114_freq_4.png"
"45.831864, -109.961836_freq_1",0,,"sxm-ecommerce-p66-location-data/version2/training_freqs/img_45.831864, -109.961836_freq_1.png"
"45.831864, -109.961836_freq_2",1,,"sxm-ecommerce-p66-location-data/version2/training_freqs/img_45.831864, -109.961836_freq_2.png"
"45.831864, -109.961836_freq_3",0,,"sxm-ecommerce-p66-location-data/version2/training_freqs/img_45.831864, -109.961836_freq_3.png"
"45.831864, -109.961836_freq_4",0,,"sxm-ecommerce-p66-location-data/version2/training_freqs/img_45.831864, -109.961836_freq_4.png"
"46.316134, -117.988836_freq_1",1,,"sxm-ecommerce-p66-location-data/version2/training_freqs/img_46.316134, -117.988836_freq_1.png"
"46.316134, -117.988836_freq_2",1,,"sxm-ecommerce-p66-location-data/version2/training_freqs/img_46.316134, -117.988836_freq_2.png"
"46.316134, -117.988836_freq_3",0,,"sxm-ecommerce-p66-location-data/version2/training_freqs/img_46.316134, -117.988836_freq_3.png"
"46.316134, -117.988836_freq_4",0,,"sxm-ecommerce-p66-location-data/version2/training_freqs/img_46.316134, -117.988836_freq_4.png"
"46.599908, -120.572529_freq_1",0,,"sxm-ecommerce-p66-location-data/version2/training_freqs/img_46.599908, -120.572529_freq_1.png"
"46.599908, -120.572529_freq_2",1,,"sxm-ecommerce-p66-location-data/version2/training_freqs/img_46.599908, -120.572529_freq_2.png"
"46.599908, -120.572529_freq_3",0,,"sxm-ecommerce-p66-location-data/version2/training_freqs/img_46.599908, -120.572529_freq_3.png"
"46.599908, -120.572529_freq_4",0,,"sxm-ecommerce-p66-location-data/version2/training_freqs/img_46.599908, -120.572529_freq_4.png"
"47.138551, -122.525624_freq_1",0,,"sxm-ecommerce-p66-location-data/version2/training_freqs/img_47.138551, -122.525624_freq_1.png"
"47.138551, -122.525624_freq_2",0,,"sxm-ecommerce-p66-location-data/version2/training_freqs/img_47.138551, -122.525624_freq_2.png"
"47.138551, -122.525624_freq_3",1,,"sxm-ecommerce-p66-location-data/version2/training_freqs/img_47.138551, -122.525624_freq_3.png"
"47.138551, -122.525624_freq_4",0,,"sxm-ecommerce-p66-location-data/version2/training_freqs/img_47.138551, -122.525624_freq_4.png"
"48.398601, -122.328557_freq_1",0,,"sxm-ecommerce-p66-location-data/version2/training_freqs/img_48.398601, -122.328557_freq_1.png"
"48.398601, -122.328557_freq_2",0,,"sxm-ecommerce-p66-location-data/version2/training_freqs/img_48.398601, -122.328557_freq_2.png"
"48.398601, -122.328557_freq_3",1,,"sxm-ecommerce-p66-location-data/version2/training_freqs/img_48.398601, -122.328557_freq_3.png"
"48.398601, -122.328557_freq_4",0,,"sxm-ecommerce-p66-location-data/version2/training_freqs/img_48.398601, -122.328557_freq_4.png"