,img,type,path
0,img_21.331533_-157.865814_freq_1,0,sxm-ecomm-sagemaker-dev/freqs/img_21.331533_-157.865814_freq_1.png
1,img_21.331533_-157.865814_freq_2,0,sxm-ecomm-sagemaker-dev/freqs/img_21.331533_-157.865814_freq_2.png
2,img_21.331533_-157.865814_freq_3,1,sxm-ecomm-sagemaker-dev/freqs/img_21.331533_-157.865814_freq_3.png
3,img_21.331533_-157.865814_freq_4,0,sxm-ecomm-sagemaker-dev/freqs/img_21.331533_-157.865814_freq_4.png
4,img_28.782888_-97.045563_freq_1,0,sxm-ecomm-sagemaker-dev/freqs/img_28.782888_-97.045563_freq_1.png
5,img_28.782888_-97.045563_freq_2,0,sxm-ecomm-sagemaker-dev/freqs/img_28.782888_-97.045563_freq_2.png
6,img_28.782888_-97.045563_freq_3,1,sxm-ecomm-sagemaker-dev/freqs/img_28.782888_-97.045563_freq_3.png
7,img_28.782888_-97.045563_freq_4,0,sxm-ecomm-sagemaker-dev/freqs/img_28.782888_-97.045563_freq_4.png
8,img_29.449435_-95.078111_freq_1,0,sxm-ecomm-sagemaker-dev/freqs/img_29.449435_-95.078111_freq_1.png
9,img_29.449435_-95.078111_freq_2,1,sxm-ecomm-sagemaker-dev/freqs/img_29.449435_-95.078111_freq_2.png
10,img_29.449435_-95.078111_freq_3,1,sxm-ecomm-sagemaker-dev/freqs/img_29.449435_-95.078111_freq_3.png
11,img_29.449435_-95.078111_freq_4,0,sxm-ecomm-sagemaker-dev/freqs/img_29.449435_-95.078111_freq_4.png
12,img_29.617713_-95.564214_freq_1,0,sxm-ecomm-sagemaker-dev/freqs/img_29.617713_-95.564214_freq_1.png
13,img_29.617713_-95.564214_freq_2,0,sxm-ecomm-sagemaker-dev/freqs/img_29.617713_-95.564214_freq_2.png
14,img_29.617713_-95.564214_freq_3,1,sxm-ecomm-sagemaker-dev/freqs/img_29.617713_-95.564214_freq_3.png
15,img_29.617713_-95.564214_freq_4,0,sxm-ecomm-sagemaker-dev/freqs/img_29.617713_-95.564214_freq_4.png
16,img_30.166849_-81.748018_freq_1,0,sxm-ecomm-sagemaker-dev/freqs/img_30.166849_-81.748018_freq_1.png
17,img_30.166849_-81.748018_freq_2,0,sxm-ecomm-sagemaker-dev/freqs/img_30.166849_-81.748018_freq_2.png
18,img_30.166849_-81.748018_freq_3,1,sxm-ecomm-sagemaker-dev/freqs/img_30.166849_-81.748018_freq_3.png
19,img_30.166849_-81.748018_freq_4,0,sxm-ecomm-sagemaker-dev/freqs/img_30.166849_-81.748018_freq_4.png
20,img_30.742342_-99.225417_freq_1,1,sxm-ecomm-sagemaker-dev/freqs/img_30.742342_-99.225417_freq_1.png
21,img_30.742342_-99.225417_freq_2,1,sxm-ecomm-sagemaker-dev/freqs/img_30.742342_-99.225417_freq_2.png
22,img_30.742342_-99.225417_freq_3,0,sxm-ecomm-sagemaker-dev/freqs/img_30.742342_-99.225417_freq_3.png
23,img_30.742342_-99.225417_freq_4,0,sxm-ecomm-sagemaker-dev/freqs/img_30.742342_-99.225417_freq_4.png
24,img_31.782211_-97.576846_freq_1,1,sxm-ecomm-sagemaker-dev/freqs/img_31.782211_-97.576846_freq_1.png
25,img_31.782211_-97.576846_freq_2,0,sxm-ecomm-sagemaker-dev/freqs/img_31.782211_-97.576846_freq_2.png
26,img_31.782211_-97.576846_freq_3,1,sxm-ecomm-sagemaker-dev/freqs/img_31.782211_-97.576846_freq_3.png
27,img_31.782211_-97.576846_freq_4,0,sxm-ecomm-sagemaker-dev/freqs/img_31.782211_-97.576846_freq_4.png
28,img_32.012106_-90.357557_freq_1,1,sxm-ecomm-sagemaker-dev/freqs/img_32.012106_-90.357557_freq_1.png
29,img_32.012106_-90.357557_freq_2,0,sxm-ecomm-sagemaker-dev/freqs/img_32.012106_-90.357557_freq_2.png
30,img_32.012106_-90.357557_freq_3,1,sxm-ecomm-sagemaker-dev/freqs/img_32.012106_-90.357557_freq_3.png
31,img_32.012106_-90.357557_freq_4,0,sxm-ecomm-sagemaker-dev/freqs/img_32.012106_-90.357557_freq_4.png
32,img_32.156635_-94.345393_freq_1,0,sxm-ecomm-sagemaker-dev/freqs/img_32.156635_-94.345393_freq_1.png
33,img_32.156635_-94.345393_freq_2,0,sxm-ecomm-sagemaker-dev/freqs/img_32.156635_-94.345393_freq_2.png
34,img_32.156635_-94.345393_freq_3,1,sxm-ecomm-sagemaker-dev/freqs/img_32.156635_-94.345393_freq_3.png
35,img_32.156635_-94.345393_freq_4,0,sxm-ecomm-sagemaker-dev/freqs/img_32.156635_-94.345393_freq_4.png
36,img_32.196769_-95.853902_freq_1,0,sxm-ecomm-sagemaker-dev/freqs/img_32.196769_-95.853902_freq_1.png
37,img_32.196769_-95.853902_freq_2,0,sxm-ecomm-sagemaker-dev/freqs/img_32.196769_-95.853902_freq_2.png
38,img_32.196769_-95.853902_freq_3,1,sxm-ecomm-sagemaker-dev/freqs/img_32.196769_-95.853902_freq_3.png
39,img_32.196769_-95.853902_freq_4,0,sxm-ecomm-sagemaker-dev/freqs/img_32.196769_-95.853902_freq_4.png
40,img_32.621311_-93.268366_freq_1,0,sxm-ecomm-sagemaker-dev/freqs/img_32.621311_-93.268366_freq_1.png
41,img_32.621311_-93.268366_freq_2,1,sxm-ecomm-sagemaker-dev/freqs/img_32.621311_-93.268366_freq_2.png
42,img_32.621311_-93.268366_freq_3,1,sxm-ecomm-sagemaker-dev/freqs/img_32.621311_-93.268366_freq_3.png
43,img_32.621311_-93.268366_freq_4,0,sxm-ecomm-sagemaker-dev/freqs/img_32.621311_-93.268366_freq_4.png
44,img_32.755714_-117.126091_freq_1,1,sxm-ecomm-sagemaker-dev/freqs/img_32.755714_-117.126091_freq_1.png
45,img_32.755714_-117.126091_freq_2,0,sxm-ecomm-sagemaker-dev/freqs/img_32.755714_-117.126091_freq_2.png
46,img_32.755714_-117.126091_freq_3,1,sxm-ecomm-sagemaker-dev/freqs/img_32.755714_-117.126091_freq_3.png
47,img_32.755714_-117.126091_freq_4,0,sxm-ecomm-sagemaker-dev/freqs/img_32.755714_-117.126091_freq_4.png
48,img_32.781604_-97.388521_freq_1,0,sxm-ecomm-sagemaker-dev/freqs/img_32.781604_-97.388521_freq_1.png
49,img_32.781604_-97.388521_freq_2,0,sxm-ecomm-sagemaker-dev/freqs/img_32.781604_-97.388521_freq_2.png
50,img_32.781604_-97.388521_freq_3,1,sxm-ecomm-sagemaker-dev/freqs/img_32.781604_-97.388521_freq_3.png
51,img_32.781604_-97.388521_freq_4,0,sxm-ecomm-sagemaker-dev/freqs/img_32.781604_-97.388521_freq_4.png
52,img_32.876899_-117.186056_freq_1,0,sxm-ecomm-sagemaker-dev/freqs/img_32.876899_-117.186056_freq_1.png
53,img_32.876899_-117.186056_freq_2,0,sxm-ecomm-sagemaker-dev/freqs/img_32.876899_-117.186056_freq_2.png
54,img_32.876899_-117.186056_freq_3,1,sxm-ecomm-sagemaker-dev/freqs/img_32.876899_-117.186056_freq_3.png
55,img_32.876899_-117.186056_freq_4,0,sxm-ecomm-sagemaker-dev/freqs/img_32.876899_-117.186056_freq_4.png
56,img_33.037973_-111.378656_freq_1,0,sxm-ecomm-sagemaker-dev/freqs/img_33.037973_-111.378656_freq_1.png
57,img_33.037973_-111.378656_freq_2,1,sxm-ecomm-sagemaker-dev/freqs/img_33.037973_-111.378656_freq_2.png
58,img_33.037973_-111.378656_freq_3,1,sxm-ecomm-sagemaker-dev/freqs/img_33.037973_-111.378656_freq_3.png
59,img_33.037973_-111.378656_freq_4,0,sxm-ecomm-sagemaker-dev/freqs/img_33.037973_-111.378656_freq_4.png
60,img_33.611694_-114.725608_freq_1,0,sxm-ecomm-sagemaker-dev/freqs/img_33.611694_-114.725608_freq_1.png
61,img_33.611694_-114.725608_freq_2,0,sxm-ecomm-sagemaker-dev/freqs/img_33.611694_-114.725608_freq_2.png
62,img_33.611694_-114.725608_freq_3,1,sxm-ecomm-sagemaker-dev/freqs/img_33.611694_-114.725608_freq_3.png
63,img_33.611694_-114.725608_freq_4,0,sxm-ecomm-sagemaker-dev/freqs/img_33.611694_-114.725608_freq_4.png
64,img_33.836291_-118.328960_freq_1,0,sxm-ecomm-sagemaker-dev/freqs/img_33.836291_-118.328960_freq_1.png
65,img_33.836291_-118.328960_freq_2,0,sxm-ecomm-sagemaker-dev/freqs/img_33.836291_-118.328960_freq_2.png
66,img_33.836291_-118.328960_freq_3,1,sxm-ecomm-sagemaker-dev/freqs/img_33.836291_-118.328960_freq_3.png
67,img_33.836291_-118.328960_freq_4,0,sxm-ecomm-sagemaker-dev/freqs/img_33.836291_-118.328960_freq_4.png
68,img_33.858246_-118.082556_freq_1,0,sxm-ecomm-sagemaker-dev/freqs/img_33.858246_-118.082556_freq_1.png
69,img_33.858246_-118.082556_freq_2,0,sxm-ecomm-sagemaker-dev/freqs/img_33.858246_-118.082556_freq_2.png
70,img_33.858246_-118.082556_freq_3,1,sxm-ecomm-sagemaker-dev/freqs/img_33.858246_-118.082556_freq_3.png
71,img_33.858246_-118.082556_freq_4,0,sxm-ecomm-sagemaker-dev/freqs/img_33.858246_-118.082556_freq_4.png
72,img_34.042803_-118.219286_freq_1,0,sxm-ecomm-sagemaker-dev/freqs/img_34.042803_-118.219286_freq_1.png
73,img_34.042803_-118.219286_freq_2,1,sxm-ecomm-sagemaker-dev/freqs/img_34.042803_-118.219286_freq_2.png
74,img_34.042803_-118.219286_freq_3,0,sxm-ecomm-sagemaker-dev/freqs/img_34.042803_-118.219286_freq_3.png
75,img_34.042803_-118.219286_freq_4,0,sxm-ecomm-sagemaker-dev/freqs/img_34.042803_-118.219286_freq_4.png
76,img_34.075591_-117.719565_freq_1,0,sxm-ecomm-sagemaker-dev/freqs/img_34.075591_-117.719565_freq_1.png
77,img_34.075591_-117.719565_freq_2,0,sxm-ecomm-sagemaker-dev/freqs/img_34.075591_-117.719565_freq_2.png
78,img_34.075591_-117.719565_freq_3,1,sxm-ecomm-sagemaker-dev/freqs/img_34.075591_-117.719565_freq_3.png
79,img_34.075591_-117.719565_freq_4,0,sxm-ecomm-sagemaker-dev/freqs/img_34.075591_-117.719565_freq_4.png
80,img_34.077039_-118.046992_freq_1,0,sxm-ecomm-sagemaker-dev/freqs/img_34.077039_-118.046992_freq_1.png
81,img_34.077039_-118.046992_freq_2,0,sxm-ecomm-sagemaker-dev/freqs/img_34.077039_-118.046992_freq_2.png
82,img_34.077039_-118.046992_freq_3,1,sxm-ecomm-sagemaker-dev/freqs/img_34.077039_-118.046992_freq_3.png
83,img_34.077039_-118.046992_freq_4,0,sxm-ecomm-sagemaker-dev/freqs/img_34.077039_-118.046992_freq_4.png
84,img_34.221697_-118.467373_freq_1,0,sxm-ecomm-sagemaker-dev/freqs/img_34.221697_-118.467373_freq_1.png
85,img_34.221697_-118.467373_freq_2,0,sxm-ecomm-sagemaker-dev/freqs/img_34.221697_-118.467373_freq_2.png
86,img_34.221697_-118.467373_freq_3,1,sxm-ecomm-sagemaker-dev/freqs/img_34.221697_-118.467373_freq_3.png
87,img_34.221697_-118.467373_freq_4,0,sxm-ecomm-sagemaker-dev/freqs/img_34.221697_-118.467373_freq_4.png
88,img_34.311032_-92.413717_freq_1,0,sxm-ecomm-sagemaker-dev/freqs/img_34.311032_-92.413717_freq_1.png
89,img_34.311032_-92.413717_freq_2,1,sxm-ecomm-sagemaker-dev/freqs/img_34.311032_-92.413717_freq_2.png
90,img_34.311032_-92.413717_freq_3,1,sxm-ecomm-sagemaker-dev/freqs/img_34.311032_-92.413717_freq_3.png
91,img_34.311032_-92.413717_freq_4,0,sxm-ecomm-sagemaker-dev/freqs/img_34.311032_-92.413717_freq_4.png
92,img_34.493382_-118.199384_freq_1,0,sxm-ecomm-sagemaker-dev/freqs/img_34.493382_-118.199384_freq_1.png
93,img_34.493382_-118.199384_freq_2,0,sxm-ecomm-sagemaker-dev/freqs/img_34.493382_-118.199384_freq_2.png
94,img_34.493382_-118.199384_freq_3,1,sxm-ecomm-sagemaker-dev/freqs/img_34.493382_-118.199384_freq_3.png
95,img_34.493382_-118.199384_freq_4,0,sxm-ecomm-sagemaker-dev/freqs/img_34.493382_-118.199384_freq_4.png
96,img_34.556566_-117.288937_freq_1,0,sxm-ecomm-sagemaker-dev/freqs/img_34.556566_-117.288937_freq_1.png
97,img_34.556566_-117.288937_freq_2,1,sxm-ecomm-sagemaker-dev/freqs/img_34.556566_-117.288937_freq_2.png
98,img_34.556566_-117.288937_freq_3,1,sxm-ecomm-sagemaker-dev/freqs/img_34.556566_-117.288937_freq_3.png
99,img_34.556566_-117.288937_freq_4,0,sxm-ecomm-sagemaker-dev/freqs/img_34.556566_-117.288937_freq_4.png
100,img_34.865696_-111.764206_freq_1,0,sxm-ecomm-sagemaker-dev/freqs/img_34.865696_-111.764206_freq_1.png
101,img_34.865696_-111.764206_freq_2,0,sxm-ecomm-sagemaker-dev/freqs/img_34.865696_-111.764206_freq_2.png
102,img_34.865696_-111.764206_freq_3,1,sxm-ecomm-sagemaker-dev/freqs/img_34.865696_-111.764206_freq_3.png
103,img_34.865696_-111.764206_freq_4,0,sxm-ecomm-sagemaker-dev/freqs/img_34.865696_-111.764206_freq_4.png
104,img_34.983854_-97.370283_freq_1,0,sxm-ecomm-sagemaker-dev/freqs/img_34.983854_-97.370283_freq_1.png
105,img_34.983854_-97.370283_freq_2,0,sxm-ecomm-sagemaker-dev/freqs/img_34.983854_-97.370283_freq_2.png
106,img_34.983854_-97.370283_freq_3,1,sxm-ecomm-sagemaker-dev/freqs/img_34.983854_-97.370283_freq_3.png
107,img_34.983854_-97.370283_freq_4,0,sxm-ecomm-sagemaker-dev/freqs/img_34.983854_-97.370283_freq_4.png
108,img_35.042763_-110.699142_freq_1,0,sxm-ecomm-sagemaker-dev/freqs/img_35.042763_-110.699142_freq_1.png
109,img_35.042763_-110.699142_freq_2,1,sxm-ecomm-sagemaker-dev/freqs/img_35.042763_-110.699142_freq_2.png
110,img_35.042763_-110.699142_freq_3,1,sxm-ecomm-sagemaker-dev/freqs/img_35.042763_-110.699142_freq_3.png
111,img_35.042763_-110.699142_freq_4,0,sxm-ecomm-sagemaker-dev/freqs/img_35.042763_-110.699142_freq_4.png
112,img_35.218759_-97.422209_freq_1,0,sxm-ecomm-sagemaker-dev/freqs/img_35.218759_-97.422209_freq_1.png
113,img_35.218759_-97.422209_freq_2,0,sxm-ecomm-sagemaker-dev/freqs/img_35.218759_-97.422209_freq_2.png
114,img_35.218759_-97.422209_freq_3,1,sxm-ecomm-sagemaker-dev/freqs/img_35.218759_-97.422209_freq_3.png
115,img_35.218759_-97.422209_freq_4,0,sxm-ecomm-sagemaker-dev/freqs/img_35.218759_-97.422209_freq_4.png
116,img_35.270870_-111.544006_freq_1,0,sxm-ecomm-sagemaker-dev/freqs/img_35.270870_-111.544006_freq_1.png
117,img_35.270870_-111.544006_freq_2,1,sxm-ecomm-sagemaker-dev/freqs/img_35.270870_-111.544006_freq_2.png
118,img_35.270870_-111.544006_freq_3,1,sxm-ecomm-sagemaker-dev/freqs/img_35.270870_-111.544006_freq_3.png
119,img_35.270870_-111.544006_freq_4,0,sxm-ecomm-sagemaker-dev/freqs/img_35.270870_-111.544006_freq_4.png
120,img_35.404598_-94.460398_freq_1,0,sxm-ecomm-sagemaker-dev/freqs/img_35.404598_-94.460398_freq_1.png
121,img_35.404598_-94.460398_freq_2,1,sxm-ecomm-sagemaker-dev/freqs/img_35.404598_-94.460398_freq_2.png
122,img_35.404598_-94.460398_freq_3,1,sxm-ecomm-sagemaker-dev/freqs/img_35.404598_-94.460398_freq_3.png
123,img_35.404598_-94.460398_freq_4,0,sxm-ecomm-sagemaker-dev/freqs/img_35.404598_-94.460398_freq_4.png
124,img_35.463771_-97.417655_freq_1,0,sxm-ecomm-sagemaker-dev/freqs/img_35.463771_-97.417655_freq_1.png
125,img_35.463771_-97.417655_freq_2,0,sxm-ecomm-sagemaker-dev/freqs/img_35.463771_-97.417655_freq_2.png
126,img_35.463771_-97.417655_freq_3,1,sxm-ecomm-sagemaker-dev/freqs/img_35.463771_-97.417655_freq_3.png
127,img_35.463771_-97.417655_freq_4,0,sxm-ecomm-sagemaker-dev/freqs/img_35.463771_-97.417655_freq_4.png
128,img_35.464036_-97.530790_freq_1,0,sxm-ecomm-sagemaker-dev/freqs/img_35.464036_-97.530790_freq_1.png
129,img_35.464036_-97.530790_freq_2,0,sxm-ecomm-sagemaker-dev/freqs/img_35.464036_-97.530790_freq_2.png
130,img_35.464036_-97.530790_freq_3,1,sxm-ecomm-sagemaker-dev/freqs/img_35.464036_-97.530790_freq_3.png
131,img_35.464036_-97.530790_freq_4,0,sxm-ecomm-sagemaker-dev/freqs/img_35.464036_-97.530790_freq_4.png
132,img_35.467226_-93.831410_freq_1,0,sxm-ecomm-sagemaker-dev/freqs/img_35.467226_-93.831410_freq_1.png
133,img_35.467226_-93.831410_freq_2,1,sxm-ecomm-sagemaker-dev/freqs/img_35.467226_-93.831410_freq_2.png
134,img_35.467226_-93.831410_freq_3,0,sxm-ecomm-sagemaker-dev/freqs/img_35.467226_-93.831410_freq_3.png
135,img_35.467226_-93.831410_freq_4,0,sxm-ecomm-sagemaker-dev/freqs/img_35.467226_-93.831410_freq_4.png
136,img_35.484282_-120.665052_freq_1,1,sxm-ecomm-sagemaker-dev/freqs/img_35.484282_-120.665052_freq_1.png
137,img_35.484282_-120.665052_freq_2,0,sxm-ecomm-sagemaker-dev/freqs/img_35.484282_-120.665052_freq_2.png
138,img_35.484282_-120.665052_freq_3,1,sxm-ecomm-sagemaker-dev/freqs/img_35.484282_-120.665052_freq_3.png
139,img_35.484282_-120.665052_freq_4,0,sxm-ecomm-sagemaker-dev/freqs/img_35.484282_-120.665052_freq_4.png
140,img_35.507775_-87.226297_freq_1,0,sxm-ecomm-sagemaker-dev/freqs/img_35.507775_-87.226297_freq_1.png
141,img_35.507775_-87.226297_freq_2,0,sxm-ecomm-sagemaker-dev/freqs/img_35.507775_-87.226297_freq_2.png
142,img_35.507775_-87.226297_freq_3,1,sxm-ecomm-sagemaker-dev/freqs/img_35.507775_-87.226297_freq_3.png
143,img_35.507775_-87.226297_freq_4,0,sxm-ecomm-sagemaker-dev/freqs/img_35.507775_-87.226297_freq_4.png
144,img_35.929514_-94.966497_freq_1,0,sxm-ecomm-sagemaker-dev/freqs/img_35.929514_-94.966497_freq_1.png
145,img_35.929514_-94.966497_freq_2,1,sxm-ecomm-sagemaker-dev/freqs/img_35.929514_-94.966497_freq_2.png
146,img_35.929514_-94.966497_freq_3,0,sxm-ecomm-sagemaker-dev/freqs/img_35.929514_-94.966497_freq_3.png
147,img_35.929514_-94.966497_freq_4,0,sxm-ecomm-sagemaker-dev/freqs/img_35.929514_-94.966497_freq_4.png
148,img_35.981815_-87.317253_freq_1,0,sxm-ecomm-sagemaker-dev/freqs/img_35.981815_-87.317253_freq_1.png
149,img_35.981815_-87.317253_freq_2,1,sxm-ecomm-sagemaker-dev/freqs/img_35.981815_-87.317253_freq_2.png
150,img_35.981815_-87.317253_freq_3,1,sxm-ecomm-sagemaker-dev/freqs/img_35.981815_-87.317253_freq_3.png
151,img_35.981815_-87.317253_freq_4,0,sxm-ecomm-sagemaker-dev/freqs/img_35.981815_-87.317253_freq_4.png
152,img_36.168284_-95.922185_freq_1,1,sxm-ecomm-sagemaker-dev/freqs/img_36.168284_-95.922185_freq_1.png
153,img_36.168284_-95.922185_freq_2,0,sxm-ecomm-sagemaker-dev/freqs/img_36.168284_-95.922185_freq_2.png
154,img_36.168284_-95.922185_freq_3,0,sxm-ecomm-sagemaker-dev/freqs/img_36.168284_-95.922185_freq_3.png
155,img_36.168284_-95.922185_freq_4,0,sxm-ecomm-sagemaker-dev/freqs/img_36.168284_-95.922185_freq_4.png
156,img_36.461764_-94.302287_freq_1,0,sxm-ecomm-sagemaker-dev/freqs/img_36.461764_-94.302287_freq_1.png
157,img_36.461764_-94.302287_freq_2,0,sxm-ecomm-sagemaker-dev/freqs/img_36.461764_-94.302287_freq_2.png
158,img_36.461764_-94.302287_freq_3,1,sxm-ecomm-sagemaker-dev/freqs/img_36.461764_-94.302287_freq_3.png
159,img_36.461764_-94.302287_freq_4,0,sxm-ecomm-sagemaker-dev/freqs/img_36.461764_-94.302287_freq_4.png
160,img_36.493792_-90.064697_freq_1,1,sxm-ecomm-sagemaker-dev/freqs/img_36.493792_-90.064697_freq_1.png
161,img_36.493792_-90.064697_freq_2,0,sxm-ecomm-sagemaker-dev/freqs/img_36.493792_-90.064697_freq_2.png
162,img_36.493792_-90.064697_freq_3,1,sxm-ecomm-sagemaker-dev/freqs/img_36.493792_-90.064697_freq_3.png
163,img_36.493792_-90.064697_freq_4,0,sxm-ecomm-sagemaker-dev/freqs/img_36.493792_-90.064697_freq_4.png
164,img_36.642210_-93.204353_freq_1,0,sxm-ecomm-sagemaker-dev/freqs/img_36.642210_-93.204353_freq_1.png
165,img_36.642210_-93.204353_freq_2,1,sxm-ecomm-sagemaker-dev/freqs/img_36.642210_-93.204353_freq_2.png
166,img_36.642210_-93.204353_freq_3,0,sxm-ecomm-sagemaker-dev/freqs/img_36.642210_-93.204353_freq_3.png
167,img_36.642210_-93.204353_freq_4,0,sxm-ecomm-sagemaker-dev/freqs/img_36.642210_-93.204353_freq_4.png
168,img_36.808486_-119.874246_freq_1,0,sxm-ecomm-sagemaker-dev/freqs/img_36.808486_-119.874246_freq_1.png
169,img_36.808486_-119.874246_freq_2,0,sxm-ecomm-sagemaker-dev/freqs/img_36.808486_-119.874246_freq_2.png
170,img_36.808486_-119.874246_freq_3,1,sxm-ecomm-sagemaker-dev/freqs/img_36.808486_-119.874246_freq_3.png
171,img_36.808486_-119.874246_freq_4,0,sxm-ecomm-sagemaker-dev/freqs/img_36.808486_-119.874246_freq_4.png
172,img_36.889373_-89.543597_freq_1,0,sxm-ecomm-sagemaker-dev/freqs/img_36.889373_-89.543597_freq_1.png
173,img_36.889373_-89.543597_freq_2,1,sxm-ecomm-sagemaker-dev/freqs/img_36.889373_-89.543597_freq_2.png
174,img_36.889373_-89.543597_freq_3,0,sxm-ecomm-sagemaker-dev/freqs/img_36.889373_-89.543597_freq_3.png
175,img_36.889373_-89.543597_freq_4,0,sxm-ecomm-sagemaker-dev/freqs/img_36.889373_-89.543597_freq_4.png
176,img_37.056880_-120.855790_freq_1,1,sxm-ecomm-sagemaker-dev/freqs/img_37.056880_-120.855790_freq_1.png
177,img_37.056880_-120.855790_freq_2,1,sxm-ecomm-sagemaker-dev/freqs/img_37.056880_-120.855790_freq_2.png
178,img_37.056880_-120.855790_freq_3,0,sxm-ecomm-sagemaker-dev/freqs/img_37.056880_-120.855790_freq_3.png
179,img_37.056880_-120.855790_freq_4,0,sxm-ecomm-sagemaker-dev/freqs/img_37.056880_-120.855790_freq_4.png
180,img_37.315876_-122.031860_freq_1,0,sxm-ecomm-sagemaker-dev/freqs/img_37.315876_-122.031860_freq_1.png
181,img_37.315876_-122.031860_freq_2,0,sxm-ecomm-sagemaker-dev/freqs/img_37.315876_-122.031860_freq_2.png
182,img_37.315876_-122.031860_freq_3,1,sxm-ecomm-sagemaker-dev/freqs/img_37.315876_-122.031860_freq_3.png
183,img_37.315876_-122.031860_freq_4,0,sxm-ecomm-sagemaker-dev/freqs/img_37.315876_-122.031860_freq_4.png
184,img_37.568253_-122.026146_freq_1,0,sxm-ecomm-sagemaker-dev/freqs/img_37.568253_-122.026146_freq_1.png
185,img_37.568253_-122.026146_freq_2,0,sxm-ecomm-sagemaker-dev/freqs/img_37.568253_-122.026146_freq_2.png
186,img_37.568253_-122.026146_freq_3,1,sxm-ecomm-sagemaker-dev/freqs/img_37.568253_-122.026146_freq_3.png
187,img_37.568253_-122.026146_freq_4,0,sxm-ecomm-sagemaker-dev/freqs/img_37.568253_-122.026146_freq_4.png
188,img_37.570248_-90.286181_freq_1,1,sxm-ecomm-sagemaker-dev/freqs/img_37.570248_-90.286181_freq_1.png
189,img_37.570248_-90.286181_freq_2,0,sxm-ecomm-sagemaker-dev/freqs/img_37.570248_-90.286181_freq_2.png
190,img_37.570248_-90.286181_freq_3,1,sxm-ecomm-sagemaker-dev/freqs/img_37.570248_-90.286181_freq_3.png
191,img_37.570248_-90.286181_freq_4,0,sxm-ecomm-sagemaker-dev/freqs/img_37.570248_-90.286181_freq_4.png
192,img_37.673163_-122.085555_freq_1,0,sxm-ecomm-sagemaker-dev/freqs/img_37.673163_-122.085555_freq_1.png
193,img_37.673163_-122.085555_freq_2,0,sxm-ecomm-sagemaker-dev/freqs/img_37.673163_-122.085555_freq_2.png
194,img_37.673163_-122.085555_freq_3,1,sxm-ecomm-sagemaker-dev/freqs/img_37.673163_-122.085555_freq_3.png
195,img_37.673163_-122.085555_freq_4,0,sxm-ecomm-sagemaker-dev/freqs/img_37.673163_-122.085555_freq_4.png
196,img_37.754088_-100.044436_freq_1,0,sxm-ecomm-sagemaker-dev/freqs/img_37.754088_-100.044436_freq_1.png
197,img_37.754088_-100.044436_freq_2,0,sxm-ecomm-sagemaker-dev/freqs/img_37.754088_-100.044436_freq_2.png
198,img_37.754088_-100.044436_freq_3,1,sxm-ecomm-sagemaker-dev/freqs/img_37.754088_-100.044436_freq_3.png
199,img_37.754088_-100.044436_freq_4,0,sxm-ecomm-sagemaker-dev/freqs/img_37.754088_-100.044436_freq_4.png
200,img_37.761433_-122.477325_freq_1,1,sxm-ecomm-sagemaker-dev/freqs/img_37.761433_-122.477325_freq_1.png
201,img_37.761433_-122.477325_freq_2,1,sxm-ecomm-sagemaker-dev/freqs/img_37.761433_-122.477325_freq_2.png
202,img_37.761433_-122.477325_freq_3,0,sxm-ecomm-sagemaker-dev/freqs/img_37.761433_-122.477325_freq_3.png
203,img_37.761433_-122.477325_freq_4,0,sxm-ecomm-sagemaker-dev/freqs/img_37.761433_-122.477325_freq_4.png
204,img_37.810012_-122.245290_freq_1,0,sxm-ecomm-sagemaker-dev/freqs/img_37.810012_-122.245290_freq_1.png
205,img_37.810012_-122.245290_freq_2,1,sxm-ecomm-sagemaker-dev/freqs/img_37.810012_-122.245290_freq_2.png
206,img_37.810012_-122.245290_freq_3,1,sxm-ecomm-sagemaker-dev/freqs/img_37.810012_-122.245290_freq_3.png
207,img_37.810012_-122.245290_freq_4,0,sxm-ecomm-sagemaker-dev/freqs/img_37.810012_-122.245290_freq_4.png
208,img_38.051319_-97.935127_freq_1,0,sxm-ecomm-sagemaker-dev/freqs/img_38.051319_-97.935127_freq_1.png
209,img_38.051319_-97.935127_freq_2,0,sxm-ecomm-sagemaker-dev/freqs/img_38.051319_-97.935127_freq_2.png
210,img_38.051319_-97.935127_freq_3,1,sxm-ecomm-sagemaker-dev/freqs/img_38.051319_-97.935127_freq_3.png
211,img_38.051319_-97.935127_freq_4,0,sxm-ecomm-sagemaker-dev/freqs/img_38.051319_-97.935127_freq_4.png
212,img_38.306587_-90.531544_freq_1,0,sxm-ecomm-sagemaker-dev/freqs/img_38.306587_-90.531544_freq_1.png
213,img_38.306587_-90.531544_freq_2,0,sxm-ecomm-sagemaker-dev/freqs/img_38.306587_-90.531544_freq_2.png
214,img_38.306587_-90.531544_freq_3,1,sxm-ecomm-sagemaker-dev/freqs/img_38.306587_-90.531544_freq_3.png
215,img_38.306587_-90.531544_freq_4,0,sxm-ecomm-sagemaker-dev/freqs/img_38.306587_-90.531544_freq_4.png
216,img_38.452114_-122.750846_freq_1,0,sxm-ecomm-sagemaker-dev/freqs/img_38.452114_-122.750846_freq_1.png
217,img_38.452114_-122.750846_freq_2,0,sxm-ecomm-sagemaker-dev/freqs/img_38.452114_-122.750846_freq_2.png
218,img_38.452114_-122.750846_freq_3,1,sxm-ecomm-sagemaker-dev/freqs/img_38.452114_-122.750846_freq_3.png
219,img_38.452114_-122.750846_freq_4,0,sxm-ecomm-sagemaker-dev/freqs/img_38.452114_-122.750846_freq_4.png
220,img_38.502609_-90.298036_freq_1,1,sxm-ecomm-sagemaker-dev/freqs/img_38.502609_-90.298036_freq_1.png
221,img_38.502609_-90.298036_freq_2,1,sxm-ecomm-sagemaker-dev/freqs/img_38.502609_-90.298036_freq_2.png
222,img_38.502609_-90.298036_freq_3,0,sxm-ecomm-sagemaker-dev/freqs/img_38.502609_-90.298036_freq_3.png
223,img_38.502609_-90.298036_freq_4,0,sxm-ecomm-sagemaker-dev/freqs/img_38.502609_-90.298036_freq_4.png
224,img_38.542992_-90.192497_freq_1,0,sxm-ecomm-sagemaker-dev/freqs/img_38.542992_-90.192497_freq_1.png
225,img_38.542992_-90.192497_freq_2,0,sxm-ecomm-sagemaker-dev/freqs/img_38.542992_-90.192497_freq_2.png
226,img_38.542992_-90.192497_freq_3,0,sxm-ecomm-sagemaker-dev/freqs/img_38.542992_-90.192497_freq_3.png
227,img_38.542992_-90.192497_freq_4,0,sxm-ecomm-sagemaker-dev/freqs/img_38.542992_-90.192497_freq_4.png
228,img_38.567398_-90.495452_freq_1,0,sxm-ecomm-sagemaker-dev/freqs/img_38.567398_-90.495452_freq_1.png
229,img_38.567398_-90.495452_freq_2,0,sxm-ecomm-sagemaker-dev/freqs/img_38.567398_-90.495452_freq_2.png
230,img_38.567398_-90.495452_freq_3,1,sxm-ecomm-sagemaker-dev/freqs/img_38.567398_-90.495452_freq_3.png
231,img_38.567398_-90.495452_freq_4,0,sxm-ecomm-sagemaker-dev/freqs/img_38.567398_-90.495452_freq_4.png
232,img_38.664221_-121.272608_freq_1,0,sxm-ecomm-sagemaker-dev/freqs/img_38.664221_-121.272608_freq_1.png
233,img_38.664221_-121.272608_freq_2,0,sxm-ecomm-sagemaker-dev/freqs/img_38.664221_-121.272608_freq_2.png
234,img_38.664221_-121.272608_freq_3,1,sxm-ecomm-sagemaker-dev/freqs/img_38.664221_-121.272608_freq_3.png
235,img_38.664221_-121.272608_freq_4,0,sxm-ecomm-sagemaker-dev/freqs/img_38.664221_-121.272608_freq_4.png
236,img_38.685054_-90.339324_freq_1,0,sxm-ecomm-sagemaker-dev/freqs/img_38.685054_-90.339324_freq_1.png
237,img_38.685054_-90.339324_freq_2,1,sxm-ecomm-sagemaker-dev/freqs/img_38.685054_-90.339324_freq_2.png
238,img_38.685054_-90.339324_freq_3,0,sxm-ecomm-sagemaker-dev/freqs/img_38.685054_-90.339324_freq_3.png
239,img_38.685054_-90.339324_freq_4,0,sxm-ecomm-sagemaker-dev/freqs/img_38.685054_-90.339324_freq_4.png
240,img_38.701206_-90.263960_freq_1,0,sxm-ecomm-sagemaker-dev/freqs/img_38.701206_-90.263960_freq_1.png
241,img_38.701206_-90.263960_freq_2,1,sxm-ecomm-sagemaker-dev/freqs/img_38.701206_-90.263960_freq_2.png
242,img_38.701206_-90.263960_freq_3,1,sxm-ecomm-sagemaker-dev/freqs/img_38.701206_-90.263960_freq_3.png
243,img_38.701206_-90.263960_freq_4,0,sxm-ecomm-sagemaker-dev/freqs/img_38.701206_-90.263960_freq_4.png
244,img_38.709484_-90.880325_freq_1,0,sxm-ecomm-sagemaker-dev/freqs/img_38.709484_-90.880325_freq_1.png
245,img_38.709484_-90.880325_freq_2,0,sxm-ecomm-sagemaker-dev/freqs/img_38.709484_-90.880325_freq_2.png
246,img_38.709484_-90.880325_freq_3,1,sxm-ecomm-sagemaker-dev/freqs/img_38.709484_-90.880325_freq_3.png
247,img_38.709484_-90.880325_freq_4,0,sxm-ecomm-sagemaker-dev/freqs/img_38.709484_-90.880325_freq_4.png
248,img_38.798163_-90.559493_freq_1,0,sxm-ecomm-sagemaker-dev/freqs/img_38.798163_-90.559493_freq_1.png
249,img_38.798163_-90.559493_freq_2,0,sxm-ecomm-sagemaker-dev/freqs/img_38.798163_-90.559493_freq_2.png
250,img_38.798163_-90.559493_freq_3,1,sxm-ecomm-sagemaker-dev/freqs/img_38.798163_-90.559493_freq_3.png
251,img_38.798163_-90.559493_freq_4,0,sxm-ecomm-sagemaker-dev/freqs/img_38.798163_-90.559493_freq_4.png
252,img_38.856704_-104.719581_freq_1,0,sxm-ecomm-sagemaker-dev/freqs/img_38.856704_-104.719581_freq_1.png
253,img_38.856704_-104.719581_freq_2,1,sxm-ecomm-sagemaker-dev/freqs/img_38.856704_-104.719581_freq_2.png
254,img_38.856704_-104.719581_freq_3,1,sxm-ecomm-sagemaker-dev/freqs/img_38.856704_-104.719581_freq_3.png
255,img_38.856704_-104.719581_freq_4,0,sxm-ecomm-sagemaker-dev/freqs/img_38.856704_-104.719581_freq_4.png
256,img_38.883829_-94.800514_freq_1,0,sxm-ecomm-sagemaker-dev/freqs/img_38.883829_-94.800514_freq_1.png
257,img_38.883829_-94.800514_freq_2,0,sxm-ecomm-sagemaker-dev/freqs/img_38.883829_-94.800514_freq_2.png
258,img_38.883829_-94.800514_freq_3,1,sxm-ecomm-sagemaker-dev/freqs/img_38.883829_-94.800514_freq_3.png
259,img_38.883829_-94.800514_freq_4,0,sxm-ecomm-sagemaker-dev/freqs/img_38.883829_-94.800514_freq_4.png
260,img_38.886021_-94.724304_freq_1,0,sxm-ecomm-sagemaker-dev/freqs/img_38.886021_-94.724304_freq_1.png
261,img_38.886021_-94.724304_freq_2,0,sxm-ecomm-sagemaker-dev/freqs/img_38.886021_-94.724304_freq_2.png
262,img_38.886021_-94.724304_freq_3,1,sxm-ecomm-sagemaker-dev/freqs/img_38.886021_-94.724304_freq_3.png
263,img_38.886021_-94.724304_freq_4,0,sxm-ecomm-sagemaker-dev/freqs/img_38.886021_-94.724304_freq_4.png
264,img_38.974446_-94.551028_freq_1,0,sxm-ecomm-sagemaker-dev/freqs/img_38.974446_-94.551028_freq_1.png
265,img_38.974446_-94.551028_freq_2,0,sxm-ecomm-sagemaker-dev/freqs/img_38.974446_-94.551028_freq_2.png
266,img_38.974446_-94.551028_freq_3,1,sxm-ecomm-sagemaker-dev/freqs/img_38.974446_-94.551028_freq_3.png
267,img_38.974446_-94.551028_freq_4,0,sxm-ecomm-sagemaker-dev/freqs/img_38.974446_-94.551028_freq_4.png
268,img_39.014388_-94.736880_freq_1,0,sxm-ecomm-sagemaker-dev/freqs/img_39.014388_-94.736880_freq_1.png
269,img_39.014388_-94.736880_freq_2,1,sxm-ecomm-sagemaker-dev/freqs/img_39.014388_-94.736880_freq_2.png
270,img_39.014388_-94.736880_freq_3,0,sxm-ecomm-sagemaker-dev/freqs/img_39.014388_-94.736880_freq_3.png
271,img_39.014388_-94.736880_freq_4,0,sxm-ecomm-sagemaker-dev/freqs/img_39.014388_-94.736880_freq_4.png
272,img_39.173099_-91.886520_freq_1,0,sxm-ecomm-sagemaker-dev/freqs/img_39.173099_-91.886520_freq_1.png
273,img_39.173099_-91.886520_freq_2,0,sxm-ecomm-sagemaker-dev/freqs/img_39.173099_-91.886520_freq_2.png
274,img_39.173099_-91.886520_freq_3,1,sxm-ecomm-sagemaker-dev/freqs/img_39.173099_-91.886520_freq_3.png
275,img_39.173099_-91.886520_freq_4,0,sxm-ecomm-sagemaker-dev/freqs/img_39.173099_-91.886520_freq_4.png
276,img_39.392193_-119.790039_freq_1,0,sxm-ecomm-sagemaker-dev/freqs/img_39.392193_-119.790039_freq_1.png
277,img_39.392193_-119.790039_freq_2,0,sxm-ecomm-sagemaker-dev/freqs/img_39.392193_-119.790039_freq_2.png
278,img_39.392193_-119.790039_freq_3,1,sxm-ecomm-sagemaker-dev/freqs/img_39.392193_-119.790039_freq_3.png
279,img_39.392193_-119.790039_freq_4,0,sxm-ecomm-sagemaker-dev/freqs/img_39.392193_-119.790039_freq_4.png
280,img_39.620273_-104.888916_freq_1,0,sxm-ecomm-sagemaker-dev/freqs/img_39.620273_-104.888916_freq_1.png
281,img_39.620273_-104.888916_freq_2,0,sxm-ecomm-sagemaker-dev/freqs/img_39.620273_-104.888916_freq_2.png
282,img_39.620273_-104.888916_freq_3,1,sxm-ecomm-sagemaker-dev/freqs/img_39.620273_-104.888916_freq_3.png
283,img_39.620273_-104.888916_freq_4,0,sxm-ecomm-sagemaker-dev/freqs/img_39.620273_-104.888916_freq_4.png
284,img_39.695696_-105.071700_freq_1,0,sxm-ecomm-sagemaker-dev/freqs/img_39.695696_-105.071700_freq_1.png
285,img_39.695696_-105.071700_freq_2,0,sxm-ecomm-sagemaker-dev/freqs/img_39.695696_-105.071700_freq_2.png
286,img_39.695696_-105.071700_freq_3,1,sxm-ecomm-sagemaker-dev/freqs/img_39.695696_-105.071700_freq_3.png
287,img_39.695696_-105.071700_freq_4,0,sxm-ecomm-sagemaker-dev/freqs/img_39.695696_-105.071700_freq_4.png
288,img_39.781769_-86.083413_freq_1,0,sxm-ecomm-sagemaker-dev/freqs/img_39.781769_-86.083413_freq_1.png
289,img_39.781769_-86.083413_freq_2,0,sxm-ecomm-sagemaker-dev/freqs/img_39.781769_-86.083413_freq_2.png
290,img_39.781769_-86.083413_freq_3,1,sxm-ecomm-sagemaker-dev/freqs/img_39.781769_-86.083413_freq_3.png
291,img_39.781769_-86.083413_freq_4,0,sxm-ecomm-sagemaker-dev/freqs/img_39.781769_-86.083413_freq_4.png
292,img_39.855786_-104.956085_freq_1,0,sxm-ecomm-sagemaker-dev/freqs/img_39.855786_-104.956085_freq_1.png
293,img_39.855786_-104.956085_freq_2,0,sxm-ecomm-sagemaker-dev/freqs/img_39.855786_-104.956085_freq_2.png
294,img_39.855786_-104.956085_freq_3,1,sxm-ecomm-sagemaker-dev/freqs/img_39.855786_-104.956085_freq_3.png
295,img_39.855786_-104.956085_freq_4,0,sxm-ecomm-sagemaker-dev/freqs/img_39.855786_-104.956085_freq_4.png
296,img_39.875982_-75.121634_freq_1,1,sxm-ecomm-sagemaker-dev/freqs/img_39.875982_-75.121634_freq_1.png
297,img_39.875982_-75.121634_freq_2,0,sxm-ecomm-sagemaker-dev/freqs/img_39.875982_-75.121634_freq_2.png
298,img_39.875982_-75.121634_freq_3,1,sxm-ecomm-sagemaker-dev/freqs/img_39.875982_-75.121634_freq_3.png
299,img_39.875982_-75.121634_freq_4,0,sxm-ecomm-sagemaker-dev/freqs/img_39.875982_-75.121634_freq_4.png
300,img_39.914940_-105.006603_freq_1,0,sxm-ecomm-sagemaker-dev/freqs/img_39.914940_-105.006603_freq_1.png
301,img_39.914940_-105.006603_freq_2,0,sxm-ecomm-sagemaker-dev/freqs/img_39.914940_-105.006603_freq_2.png
302,img_39.914940_-105.006603_freq_3,1,sxm-ecomm-sagemaker-dev/freqs/img_39.914940_-105.006603_freq_3.png
303,img_39.914940_-105.006603_freq_4,0,sxm-ecomm-sagemaker-dev/freqs/img_39.914940_-105.006603_freq_4.png
304,img_40.051826_-105.055939_freq_1,0,sxm-ecomm-sagemaker-dev/freqs/img_40.051826_-105.055939_freq_1.png
305,img_40.051826_-105.055939_freq_2,0,sxm-ecomm-sagemaker-dev/freqs/img_40.051826_-105.055939_freq_2.png
306,img_40.051826_-105.055939_freq_3,1,sxm-ecomm-sagemaker-dev/freqs/img_40.051826_-105.055939_freq_3.png
307,img_40.051826_-105.055939_freq_4,0,sxm-ecomm-sagemaker-dev/freqs/img_40.051826_-105.055939_freq_4.png
308,img_40.127765_-75.347696_freq_1,0,sxm-ecomm-sagemaker-dev/freqs/img_40.127765_-75.347696_freq_1.png
309,img_40.127765_-75.347696_freq_2,1,sxm-ecomm-sagemaker-dev/freqs/img_40.127765_-75.347696_freq_2.png
310,img_40.127765_-75.347696_freq_3,0,sxm-ecomm-sagemaker-dev/freqs/img_40.127765_-75.347696_freq_3.png
311,img_40.127765_-75.347696_freq_4,0,sxm-ecomm-sagemaker-dev/freqs/img_40.127765_-75.347696_freq_4.png
312,img_40.364099_-111.742177_freq_1,0,sxm-ecomm-sagemaker-dev/freqs/img_40.364099_-111.742177_freq_1.png
313,img_40.364099_-111.742177_freq_2,0,sxm-ecomm-sagemaker-dev/freqs/img_40.364099_-111.742177_freq_2.png
314,img_40.364099_-111.742177_freq_3,1,sxm-ecomm-sagemaker-dev/freqs/img_40.364099_-111.742177_freq_3.png
315,img_40.364099_-111.742177_freq_4,0,sxm-ecomm-sagemaker-dev/freqs/img_40.364099_-111.742177_freq_4.png
316,img_40.588079_-111.958350_freq_1,0,sxm-ecomm-sagemaker-dev/freqs/img_40.588079_-111.958350_freq_1.png
317,img_40.588079_-111.958350_freq_2,0,sxm-ecomm-sagemaker-dev/freqs/img_40.588079_-111.958350_freq_2.png
318,img_40.588079_-111.958350_freq_3,1,sxm-ecomm-sagemaker-dev/freqs/img_40.588079_-111.958350_freq_3.png
319,img_40.588079_-111.958350_freq_4,0,sxm-ecomm-sagemaker-dev/freqs/img_40.588079_-111.958350_freq_4.png
320,img_40.788970_-91.115783_freq_1,0,sxm-ecomm-sagemaker-dev/freqs/img_40.788970_-91.115783_freq_1.png
321,img_40.788970_-91.115783_freq_2,0,sxm-ecomm-sagemaker-dev/freqs/img_40.788970_-91.115783_freq_2.png
322,img_40.788970_-91.115783_freq_3,1,sxm-ecomm-sagemaker-dev/freqs/img_40.788970_-91.115783_freq_3.png
323,img_40.788970_-91.115783_freq_4,0,sxm-ecomm-sagemaker-dev/freqs/img_40.788970_-91.115783_freq_4.png
324,img_40.804153_-96.682148_freq_1,0,sxm-ecomm-sagemaker-dev/freqs/img_40.804153_-96.682148_freq_1.png
325,img_40.804153_-96.682148_freq_2,0,sxm-ecomm-sagemaker-dev/freqs/img_40.804153_-96.682148_freq_2.png
326,img_40.804153_-96.682148_freq_3,1,sxm-ecomm-sagemaker-dev/freqs/img_40.804153_-96.682148_freq_3.png
327,img_40.804153_-96.682148_freq_4,0,sxm-ecomm-sagemaker-dev/freqs/img_40.804153_-96.682148_freq_4.png
328,img_40.826027_-91.208710_freq_1,0,sxm-ecomm-sagemaker-dev/freqs/img_40.826027_-91.208710_freq_1.png
329,img_40.826027_-91.208710_freq_2,0,sxm-ecomm-sagemaker-dev/freqs/img_40.826027_-91.208710_freq_2.png
330,img_40.826027_-91.208710_freq_3,1,sxm-ecomm-sagemaker-dev/freqs/img_40.826027_-91.208710_freq_3.png
331,img_40.826027_-91.208710_freq_4,0,sxm-ecomm-sagemaker-dev/freqs/img_40.826027_-91.208710_freq_4.png
332,img_41.113269_-85.176869_freq_1,0,sxm-ecomm-sagemaker-dev/freqs/img_41.113269_-85.176869_freq_1.png
333,img_41.113269_-85.176869_freq_2,0,sxm-ecomm-sagemaker-dev/freqs/img_41.113269_-85.176869_freq_2.png
334,img_41.113269_-85.176869_freq_3,1,sxm-ecomm-sagemaker-dev/freqs/img_41.113269_-85.176869_freq_3.png
335,img_41.113269_-85.176869_freq_4,0,sxm-ecomm-sagemaker-dev/freqs/img_41.113269_-85.176869_freq_4.png
336,img_41.260788_-96.177233_freq_1,0,sxm-ecomm-sagemaker-dev/freqs/img_41.260788_-96.177233_freq_1.png
337,img_41.260788_-96.177233_freq_2,0,sxm-ecomm-sagemaker-dev/freqs/img_41.260788_-96.177233_freq_2.png
338,img_41.260788_-96.177233_freq_3,1,sxm-ecomm-sagemaker-dev/freqs/img_41.260788_-96.177233_freq_3.png
339,img_41.260788_-96.177233_freq_4,0,sxm-ecomm-sagemaker-dev/freqs/img_41.260788_-96.177233_freq_4.png
340,img_41.651033_-86.216179_freq_1,0,sxm-ecomm-sagemaker-dev/freqs/img_41.651033_-86.216179_freq_1.png
341,img_41.651033_-86.216179_freq_2,0,sxm-ecomm-sagemaker-dev/freqs/img_41.651033_-86.216179_freq_2.png
342,img_41.651033_-86.216179_freq_3,1,sxm-ecomm-sagemaker-dev/freqs/img_41.651033_-86.216179_freq_3.png
343,img_41.651033_-86.216179_freq_4,0,sxm-ecomm-sagemaker-dev/freqs/img_41.651033_-86.216179_freq_4.png
344,img_42.325612_-88.983268_freq_1,0,sxm-ecomm-sagemaker-dev/freqs/img_42.325612_-88.983268_freq_1.png
345,img_42.325612_-88.983268_freq_2,0,sxm-ecomm-sagemaker-dev/freqs/img_42.325612_-88.983268_freq_2.png
346,img_42.325612_-88.983268_freq_3,1,sxm-ecomm-sagemaker-dev/freqs/img_42.325612_-88.983268_freq_3.png
347,img_42.325612_-88.983268_freq_4,0,sxm-ecomm-sagemaker-dev/freqs/img_42.325612_-88.983268_freq_4.png
348,img_42.436798_-96.413577_freq_1,0,sxm-ecomm-sagemaker-dev/freqs/img_42.436798_-96.413577_freq_1.png
349,img_42.436798_-96.413577_freq_2,0,sxm-ecomm-sagemaker-dev/freqs/img_42.436798_-96.413577_freq_2.png
350,img_42.436798_-96.413577_freq_3,1,sxm-ecomm-sagemaker-dev/freqs/img_42.436798_-96.413577_freq_3.png
351,img_42.436798_-96.413577_freq_4,0,sxm-ecomm-sagemaker-dev/freqs/img_42.436798_-96.413577_freq_4.png
352,img_42.530085_-98.971011_freq_1,0,sxm-ecomm-sagemaker-dev/freqs/img_42.530085_-98.971011_freq_1.png
353,img_42.530085_-98.971011_freq_2,1,sxm-ecomm-sagemaker-dev/freqs/img_42.530085_-98.971011_freq_2.png
354,img_42.530085_-98.971011_freq_3,1,sxm-ecomm-sagemaker-dev/freqs/img_42.530085_-98.971011_freq_3.png
355,img_42.530085_-98.971011_freq_4,0,sxm-ecomm-sagemaker-dev/freqs/img_42.530085_-98.971011_freq_4.png
356,img_43.467882_-112.003715_freq_1,0,sxm-ecomm-sagemaker-dev/freqs/img_43.467882_-112.003715_freq_1.png
357,img_43.467882_-112.003715_freq_2,0,sxm-ecomm-sagemaker-dev/freqs/img_43.467882_-112.003715_freq_2.png
358,img_43.467882_-112.003715_freq_3,1,sxm-ecomm-sagemaker-dev/freqs/img_43.467882_-112.003715_freq_3.png
359,img_43.467882_-112.003715_freq_4,0,sxm-ecomm-sagemaker-dev/freqs/img_43.467882_-112.003715_freq_4.png
360,img_44.045524_-122.966851_freq_1,0,sxm-ecomm-sagemaker-dev/freqs/img_44.045524_-122.966851_freq_1.png
361,img_44.045524_-122.966851_freq_2,0,sxm-ecomm-sagemaker-dev/freqs/img_44.045524_-122.966851_freq_2.png
362,img_44.045524_-122.966851_freq_3,1,sxm-ecomm-sagemaker-dev/freqs/img_44.045524_-122.966851_freq_3.png
363,img_44.045524_-122.966851_freq_4,0,sxm-ecomm-sagemaker-dev/freqs/img_44.045524_-122.966851_freq_4.png
364,img_44.067844_-103.195831_freq_1,0,sxm-ecomm-sagemaker-dev/freqs/img_44.067844_-103.195831_freq_1.png
365,img_44.067844_-103.195831_freq_2,0,sxm-ecomm-sagemaker-dev/freqs/img_44.067844_-103.195831_freq_2.png
366,img_44.067844_-103.195831_freq_3,1,sxm-ecomm-sagemaker-dev/freqs/img_44.067844_-103.195831_freq_3.png
367,img_44.067844_-103.195831_freq_4,0,sxm-ecomm-sagemaker-dev/freqs/img_44.067844_-103.195831_freq_4.png
368,img_45.306483_-122.948029_freq_1,1,sxm-ecomm-sagemaker-dev/freqs/img_45.306483_-122.948029_freq_1.png
369,img_45.306483_-122.948029_freq_2,1,sxm-ecomm-sagemaker-dev/freqs/img_45.306483_-122.948029_freq_2.png
370,img_45.306483_-122.948029_freq_3,0,sxm-ecomm-sagemaker-dev/freqs/img_45.306483_-122.948029_freq_3.png
371,img_45.306483_-122.948029_freq_4,0,sxm-ecomm-sagemaker-dev/freqs/img_45.306483_-122.948029_freq_4.png
372,img_45.415814_-122.593356_freq_1,0,sxm-ecomm-sagemaker-dev/freqs/img_45.415814_-122.593356_freq_1.png
373,img_45.415814_-122.593356_freq_2,0,sxm-ecomm-sagemaker-dev/freqs/img_45.415814_-122.593356_freq_2.png
374,img_45.415814_-122.593356_freq_3,1,sxm-ecomm-sagemaker-dev/freqs/img_45.415814_-122.593356_freq_3.png
375,img_45.415814_-122.593356_freq_4,0,sxm-ecomm-sagemaker-dev/freqs/img_45.415814_-122.593356_freq_4.png
376,img_45.504331_-122.475114_freq_1,0,sxm-ecomm-sagemaker-dev/freqs/img_45.504331_-122.475114_freq_1.png
377,img_45.504331_-122.475114_freq_2,0,sxm-ecomm-sagemaker-dev/freqs/img_45.504331_-122.475114_freq_2.png
378,img_45.504331_-122.475114_freq_3,0,sxm-ecomm-sagemaker-dev/freqs/img_45.504331_-122.475114_freq_3.png
379,img_45.504331_-122.475114_freq_4,1,sxm-ecomm-sagemaker-dev/freqs/img_45.504331_-122.475114_freq_4.png
380,img_45.831864_-109.961836_freq_1,0,sxm-ecomm-sagemaker-dev/freqs/img_45.831864_-109.961836_freq_1.png
381,img_45.831864_-109.961836_freq_2,1,sxm-ecomm-sagemaker-dev/freqs/img_45.831864_-109.961836_freq_2.png
382,img_45.831864_-109.961836_freq_3,0,sxm-ecomm-sagemaker-dev/freqs/img_45.831864_-109.961836_freq_3.png
383,img_45.831864_-109.961836_freq_4,0,sxm-ecomm-sagemaker-dev/freqs/img_45.831864_-109.961836_freq_4.png
384,img_46.316134_-117.988836_freq_1,1,sxm-ecomm-sagemaker-dev/freqs/img_46.316134_-117.988836_freq_1.png
385,img_46.316134_-117.988836_freq_2,1,sxm-ecomm-sagemaker-dev/freqs/img_46.316134_-117.988836_freq_2.png
386,img_46.316134_-117.988836_freq_3,0,sxm-ecomm-sagemaker-dev/freqs/img_46.316134_-117.988836_freq_3.png
387,img_46.316134_-117.988836_freq_4,0,sxm-ecomm-sagemaker-dev/freqs/img_46.316134_-117.988836_freq_4.png
388,img_46.599908_-120.572529_freq_1,0,sxm-ecomm-sagemaker-dev/freqs/img_46.599908_-120.572529_freq_1.png
389,img_46.599908_-120.572529_freq_2,1,sxm-ecomm-sagemaker-dev/freqs/img_46.599908_-120.572529_freq_2.png
390,img_46.599908_-120.572529_freq_3,0,sxm-ecomm-sagemaker-dev/freqs/img_46.599908_-120.572529_freq_3.png
391,img_46.599908_-120.572529_freq_4,0,sxm-ecomm-sagemaker-dev/freqs/img_46.599908_-120.572529_freq_4.png
392,img_47.138551_-122.525624_freq_1,0,sxm-ecomm-sagemaker-dev/freqs/img_47.138551_-122.525624_freq_1.png
393,img_47.138551_-122.525624_freq_2,0,sxm-ecomm-sagemaker-dev/freqs/img_47.138551_-122.525624_freq_2.png
394,img_47.138551_-122.525624_freq_3,1,sxm-ecomm-sagemaker-dev/freqs/img_47.138551_-122.525624_freq_3.png
395,img_47.138551_-122.525624_freq_4,0,sxm-ecomm-sagemaker-dev/freqs/img_47.138551_-122.525624_freq_4.png
396,img_48.398601_-122.328557_freq_1,0,sxm-ecomm-sagemaker-dev/freqs/img_48.398601_-122.328557_freq_1.png
397,img_48.398601_-122.328557_freq_2,0,sxm-ecomm-sagemaker-dev/freqs/img_48.398601_-122.328557_freq_2.png
398,img_48.398601_-122.328557_freq_3,1,sxm-ecomm-sagemaker-dev/freqs/img_48.398601_-122.328557_freq_3.png
399,img_48.398601_-122.328557_freq_4,0,sxm-ecomm-sagemaker-dev/freqs/img_48.398601_-122.328557_freq_4.png