,img,type,path
0,"21.331533, -157.865814_freq_1",0,"sxm-ecommerce-p66-location-data/freqs/img_21.331533, -157.865814_freq_1.png"
1,"21.331533, -157.865814_freq_2",0,"sxm-ecommerce-p66-location-data/freqs/img_21.331533, -157.865814_freq_2.png"
2,"21.331533, -157.865814_freq_3",0,"sxm-ecommerce-p66-location-data/freqs/img_21.331533, -157.865814_freq_3.png"
3,"21.331533, -157.865814_freq_4",0,"sxm-ecommerce-p66-location-data/freqs/img_21.331533, -157.865814_freq_4.png"
4,"28.782888, -97.045563_freq_1",0,"sxm-ecommerce-p66-location-data/freqs/img_28.782888, -97.045563_freq_1.png"
5,"28.782888, -97.045563_freq_2",0,"sxm-ecommerce-p66-location-data/freqs/img_28.782888, -97.045563_freq_2.png"
6,"28.782888, -97.045563_freq_3",0,"sxm-ecommerce-p66-location-data/freqs/img_28.782888, -97.045563_freq_3.png"
7,"28.782888, -97.045563_freq_4",0,"sxm-ecommerce-p66-location-data/freqs/img_28.782888, -97.045563_freq_4.png"
8,"29.449435, -95.078111_freq_1",0,"sxm-ecommerce-p66-location-data/freqs/img_29.449435, -95.078111_freq_1.png"
9,"29.449435, -95.078111_freq_2",0,"sxm-ecommerce-p66-location-data/freqs/img_29.449435, -95.078111_freq_2.png"
10,"29.449435, -95.078111_freq_3",0,"sxm-ecommerce-p66-location-data/freqs/img_29.449435, -95.078111_freq_3.png"
11,"29.449435, -95.078111_freq_4",0,"sxm-ecommerce-p66-location-data/freqs/img_29.449435, -95.078111_freq_4.png"
12,"29.617713, -95.564214_freq_1",0,"sxm-ecommerce-p66-location-data/freqs/img_29.617713, -95.564214_freq_1.png"
13,"29.617713, -95.564214_freq_2",0,"sxm-ecommerce-p66-location-data/freqs/img_29.617713, -95.564214_freq_2.png"
14,"29.617713, -95.564214_freq_3",0,"sxm-ecommerce-p66-location-data/freqs/img_29.617713, -95.564214_freq_3.png"
15,"29.617713, -95.564214_freq_4",0,"sxm-ecommerce-p66-location-data/freqs/img_29.617713, -95.564214_freq_4.png"
16,"30.166849, -81.748018_freq_1",0,"sxm-ecommerce-p66-location-data/freqs/img_30.166849, -81.748018_freq_1.png"
17,"30.166849, -81.748018_freq_2",0,"sxm-ecommerce-p66-location-data/freqs/img_30.166849, -81.748018_freq_2.png"
18,"30.166849, -81.748018_freq_3",0,"sxm-ecommerce-p66-location-data/freqs/img_30.166849, -81.748018_freq_3.png"
19,"30.166849, -81.748018_freq_4",0,"sxm-ecommerce-p66-location-data/freqs/img_30.166849, -81.748018_freq_4.png"
20,"30.742342, -99.225417_freq_1",0,"sxm-ecommerce-p66-location-data/freqs/img_30.742342, -99.225417_freq_1.png"
21,"30.742342, -99.225417_freq_2",0,"sxm-ecommerce-p66-location-data/freqs/img_30.742342, -99.225417_freq_2.png"
22,"30.742342, -99.225417_freq_3",0,"sxm-ecommerce-p66-location-data/freqs/img_30.742342, -99.225417_freq_3.png"
23,"30.742342, -99.225417_freq_4",0,"sxm-ecommerce-p66-location-data/freqs/img_30.742342, -99.225417_freq_4.png"
24,"31.782211, -97.576846_freq_1",0,"sxm-ecommerce-p66-location-data/freqs/img_31.782211, -97.576846_freq_1.png"
25,"31.782211, -97.576846_freq_2",0,"sxm-ecommerce-p66-location-data/freqs/img_31.782211, -97.576846_freq_2.png"
26,"31.782211, -97.576846_freq_3",0,"sxm-ecommerce-p66-location-data/freqs/img_31.782211, -97.576846_freq_3.png"
27,"31.782211, -97.576846_freq_4",0,"sxm-ecommerce-p66-location-data/freqs/img_31.782211, -97.576846_freq_4.png"
28,"32.012106, -90.357557_freq_1",0,"sxm-ecommerce-p66-location-data/freqs/img_32.012106, -90.357557_freq_1.png"
29,"32.012106, -90.357557_freq_2",0,"sxm-ecommerce-p66-location-data/freqs/img_32.012106, -90.357557_freq_2.png"
30,"32.012106, -90.357557_freq_3",0,"sxm-ecommerce-p66-location-data/freqs/img_32.012106, -90.357557_freq_3.png"
31,"32.012106, -90.357557_freq_4",0,"sxm-ecommerce-p66-location-data/freqs/img_32.012106, -90.357557_freq_4.png"
32,"32.156635, -94.345393_freq_1",0,"sxm-ecommerce-p66-location-data/freqs/img_32.156635, -94.345393_freq_1.png"
33,"32.156635, -94.345393_freq_2",0,"sxm-ecommerce-p66-location-data/freqs/img_32.156635, -94.345393_freq_2.png"
34,"32.156635, -94.345393_freq_3",0,"sxm-ecommerce-p66-location-data/freqs/img_32.156635, -94.345393_freq_3.png"
35,"32.156635, -94.345393_freq_4",0,"sxm-ecommerce-p66-location-data/freqs/img_32.156635, -94.345393_freq_4.png"
36,"32.196769, -95.853902_freq_1",0,"sxm-ecommerce-p66-location-data/freqs/img_32.196769, -95.853902_freq_1.png"
37,"32.196769, -95.853902_freq_2",0,"sxm-ecommerce-p66-location-data/freqs/img_32.196769, -95.853902_freq_2.png"
38,"32.196769, -95.853902_freq_3",0,"sxm-ecommerce-p66-location-data/freqs/img_32.196769, -95.853902_freq_3.png"
39,"32.196769, -95.853902_freq_4",0,"sxm-ecommerce-p66-location-data/freqs/img_32.196769, -95.853902_freq_4.png"
40,"32.621311, -93.268366_freq_1",0,"sxm-ecommerce-p66-location-data/freqs/img_32.621311, -93.268366_freq_1.png"
41,"32.621311, -93.268366_freq_2",0,"sxm-ecommerce-p66-location-data/freqs/img_32.621311, -93.268366_freq_2.png"
42,"32.621311, -93.268366_freq_3",0,"sxm-ecommerce-p66-location-data/freqs/img_32.621311, -93.268366_freq_3.png"
43,"32.621311, -93.268366_freq_4",0,"sxm-ecommerce-p66-location-data/freqs/img_32.621311, -93.268366_freq_4.png"
44,"32.755714, -117.126091_freq_1",0,"sxm-ecommerce-p66-location-data/freqs/img_32.755714, -117.126091_freq_1.png"
45,"32.755714, -117.126091_freq_2",0,"sxm-ecommerce-p66-location-data/freqs/img_32.755714, -117.126091_freq_2.png"
46,"32.755714, -117.126091_freq_3",0,"sxm-ecommerce-p66-location-data/freqs/img_32.755714, -117.126091_freq_3.png"
47,"32.755714, -117.126091_freq_4",0,"sxm-ecommerce-p66-location-data/freqs/img_32.755714, -117.126091_freq_4.png"
48,"32.781604, -97.388521_freq_1",0,"sxm-ecommerce-p66-location-data/freqs/img_32.781604, -97.388521_freq_1.png"
49,"32.781604, -97.388521_freq_2",0,"sxm-ecommerce-p66-location-data/freqs/img_32.781604, -97.388521_freq_2.png"
50,"32.781604, -97.388521_freq_3",0,"sxm-ecommerce-p66-location-data/freqs/img_32.781604, -97.388521_freq_3.png"
51,"32.781604, -97.388521_freq_4",0,"sxm-ecommerce-p66-location-data/freqs/img_32.781604, -97.388521_freq_4.png"
52,"32.876899, -117.186056_freq_1",0,"sxm-ecommerce-p66-location-data/freqs/img_32.876899, -117.186056_freq_1.png"
53,"32.876899, -117.186056_freq_2",0,"sxm-ecommerce-p66-location-data/freqs/img_32.876899, -117.186056_freq_2.png"
54,"32.876899, -117.186056_freq_3",0,"sxm-ecommerce-p66-location-data/freqs/img_32.876899, -117.186056_freq_3.png"
55,"32.876899, -117.186056_freq_4",0,"sxm-ecommerce-p66-location-data/freqs/img_32.876899, -117.186056_freq_4.png"
56,"33.037973, -111.378656_freq_1",0,"sxm-ecommerce-p66-location-data/freqs/img_33.037973, -111.378656_freq_1.png"
57,"33.037973, -111.378656_freq_2",0,"sxm-ecommerce-p66-location-data/freqs/img_33.037973, -111.378656_freq_2.png"
58,"33.037973, -111.378656_freq_3",0,"sxm-ecommerce-p66-location-data/freqs/img_33.037973, -111.378656_freq_3.png"
59,"33.037973, -111.378656_freq_4",0,"sxm-ecommerce-p66-location-data/freqs/img_33.037973, -111.378656_freq_4.png"
60,"33.611694, -114.725608_freq_1",0,"sxm-ecommerce-p66-location-data/freqs/img_33.611694, -114.725608_freq_1.png"
61,"33.611694, -114.725608_freq_2",0,"sxm-ecommerce-p66-location-data/freqs/img_33.611694, -114.725608_freq_2.png"
62,"33.611694, -114.725608_freq_3",0,"sxm-ecommerce-p66-location-data/freqs/img_33.611694, -114.725608_freq_3.png"
63,"33.611694, -114.725608_freq_4",0,"sxm-ecommerce-p66-location-data/freqs/img_33.611694, -114.725608_freq_4.png"
64,"33.836291, -118.328960_freq_1",0,"sxm-ecommerce-p66-location-data/freqs/img_33.836291, -118.328960_freq_1.png"
65,"33.836291, -118.328960_freq_2",0,"sxm-ecommerce-p66-location-data/freqs/img_33.836291, -118.328960_freq_2.png"
66,"33.836291, -118.328960_freq_3",0,"sxm-ecommerce-p66-location-data/freqs/img_33.836291, -118.328960_freq_3.png"
67,"33.836291, -118.328960_freq_4",0,"sxm-ecommerce-p66-location-data/freqs/img_33.836291, -118.328960_freq_4.png"
68,"33.858246, -118.082556_freq_1",0,"sxm-ecommerce-p66-location-data/freqs/img_33.858246, -118.082556_freq_1.png"
69,"33.858246, -118.082556_freq_2",0,"sxm-ecommerce-p66-location-data/freqs/img_33.858246, -118.082556_freq_2.png"
70,"33.858246, -118.082556_freq_3",0,"sxm-ecommerce-p66-location-data/freqs/img_33.858246, -118.082556_freq_3.png"
71,"33.858246, -118.082556_freq_4",0,"sxm-ecommerce-p66-location-data/freqs/img_33.858246, -118.082556_freq_4.png"
72,"34.042803, -118.219286_freq_1",0,"sxm-ecommerce-p66-location-data/freqs/img_34.042803, -118.219286_freq_1.png"
73,"34.042803, -118.219286_freq_2",0,"sxm-ecommerce-p66-location-data/freqs/img_34.042803, -118.219286_freq_2.png"
74,"34.042803, -118.219286_freq_3",0,"sxm-ecommerce-p66-location-data/freqs/img_34.042803, -118.219286_freq_3.png"
75,"34.042803, -118.219286_freq_4",0,"sxm-ecommerce-p66-location-data/freqs/img_34.042803, -118.219286_freq_4.png"
76,"34.075591, -117.719565_freq_1",0,"sxm-ecommerce-p66-location-data/freqs/img_34.075591, -117.719565_freq_1.png"
77,"34.075591, -117.719565_freq_2",0,"sxm-ecommerce-p66-location-data/freqs/img_34.075591, -117.719565_freq_2.png"
78,"34.075591, -117.719565_freq_3",0,"sxm-ecommerce-p66-location-data/freqs/img_34.075591, -117.719565_freq_3.png"
79,"34.075591, -117.719565_freq_4",0,"sxm-ecommerce-p66-location-data/freqs/img_34.075591, -117.719565_freq_4.png"
80,"34.077039, -118.046992_freq_1",0,"sxm-ecommerce-p66-location-data/freqs/img_34.077039, -118.046992_freq_1.png"
81,"34.077039, -118.046992_freq_2",0,"sxm-ecommerce-p66-location-data/freqs/img_34.077039, -118.046992_freq_2.png"
82,"34.077039, -118.046992_freq_3",0,"sxm-ecommerce-p66-location-data/freqs/img_34.077039, -118.046992_freq_3.png"
83,"34.077039, -118.046992_freq_4",0,"sxm-ecommerce-p66-location-data/freqs/img_34.077039, -118.046992_freq_4.png"
84,"34.221697, -118.467373_freq_1",0,"sxm-ecommerce-p66-location-data/freqs/img_34.221697, -118.467373_freq_1.png"
85,"34.221697, -118.467373_freq_2",0,"sxm-ecommerce-p66-location-data/freqs/img_34.221697, -118.467373_freq_2.png"
86,"34.221697, -118.467373_freq_3",0,"sxm-ecommerce-p66-location-data/freqs/img_34.221697, -118.467373_freq_3.png"
87,"34.221697, -118.467373_freq_4",0,"sxm-ecommerce-p66-location-data/freqs/img_34.221697, -118.467373_freq_4.png"
88,"34.311032, -92.413717_freq_1",0,"sxm-ecommerce-p66-location-data/freqs/img_34.311032, -92.413717_freq_1.png"
89,"34.311032, -92.413717_freq_2",0,"sxm-ecommerce-p66-location-data/freqs/img_34.311032, -92.413717_freq_2.png"
90,"34.311032, -92.413717_freq_3",0,"sxm-ecommerce-p66-location-data/freqs/img_34.311032, -92.413717_freq_3.png"
91,"34.311032, -92.413717_freq_4",0,"sxm-ecommerce-p66-location-data/freqs/img_34.311032, -92.413717_freq_4.png"
92,"34.493382, -118.199384_freq_1",0,"sxm-ecommerce-p66-location-data/freqs/img_34.493382, -118.199384_freq_1.png"
93,"34.493382, -118.199384_freq_2",0,"sxm-ecommerce-p66-location-data/freqs/img_34.493382, -118.199384_freq_2.png"
94,"34.493382, -118.199384_freq_3",0,"sxm-ecommerce-p66-location-data/freqs/img_34.493382, -118.199384_freq_3.png"
95,"34.493382, -118.199384_freq_4",0,"sxm-ecommerce-p66-location-data/freqs/img_34.493382, -118.199384_freq_4.png"
96,"34.556566, -117.288937_freq_1",0,"sxm-ecommerce-p66-location-data/freqs/img_34.556566, -117.288937_freq_1.png"
97,"34.556566, -117.288937_freq_2",0,"sxm-ecommerce-p66-location-data/freqs/img_34.556566, -117.288937_freq_2.png"
98,"34.556566, -117.288937_freq_3",0,"sxm-ecommerce-p66-location-data/freqs/img_34.556566, -117.288937_freq_3.png"
99,"34.556566, -117.288937_freq_4",0,"sxm-ecommerce-p66-location-data/freqs/img_34.556566, -117.288937_freq_4.png"
100,"34.865696, -111.764206_freq_1",0,"sxm-ecommerce-p66-location-data/freqs/img_34.865696, -111.764206_freq_1.png"
101,"34.865696, -111.764206_freq_2",0,"sxm-ecommerce-p66-location-data/freqs/img_34.865696, -111.764206_freq_2.png"
102,"34.865696, -111.764206_freq_3",0,"sxm-ecommerce-p66-location-data/freqs/img_34.865696, -111.764206_freq_3.png"
103,"34.865696, -111.764206_freq_4",0,"sxm-ecommerce-p66-location-data/freqs/img_34.865696, -111.764206_freq_4.png"
104,"34.983854, -97.370283_freq_1",0,"sxm-ecommerce-p66-location-data/freqs/img_34.983854, -97.370283_freq_1.png"
105,"34.983854, -97.370283_freq_2",0,"sxm-ecommerce-p66-location-data/freqs/img_34.983854, -97.370283_freq_2.png"
106,"34.983854, -97.370283_freq_3",0,"sxm-ecommerce-p66-location-data/freqs/img_34.983854, -97.370283_freq_3.png"
107,"34.983854, -97.370283_freq_4",0,"sxm-ecommerce-p66-location-data/freqs/img_34.983854, -97.370283_freq_4.png"
108,"35.042763, -110.699142_freq_1",0,"sxm-ecommerce-p66-location-data/freqs/img_35.042763, -110.699142_freq_1.png"
109,"35.042763, -110.699142_freq_2",0,"sxm-ecommerce-p66-location-data/freqs/img_35.042763, -110.699142_freq_2.png"
110,"35.042763, -110.699142_freq_3",0,"sxm-ecommerce-p66-location-data/freqs/img_35.042763, -110.699142_freq_3.png"
111,"35.042763, -110.699142_freq_4",0,"sxm-ecommerce-p66-location-data/freqs/img_35.042763, -110.699142_freq_4.png"
112,"35.218759, -97.422209_freq_1",0,"sxm-ecommerce-p66-location-data/freqs/img_35.218759, -97.422209_freq_1.png"
113,"35.218759, -97.422209_freq_2",0,"sxm-ecommerce-p66-location-data/freqs/img_35.218759, -97.422209_freq_2.png"
114,"35.218759, -97.422209_freq_3",0,"sxm-ecommerce-p66-location-data/freqs/img_35.218759, -97.422209_freq_3.png"
115,"35.218759, -97.422209_freq_4",0,"sxm-ecommerce-p66-location-data/freqs/img_35.218759, -97.422209_freq_4.png"
116,"35.270870, -111.544006_freq_1",0,"sxm-ecommerce-p66-location-data/freqs/img_35.270870, -111.544006_freq_1.png"
117,"35.270870, -111.544006_freq_2",0,"sxm-ecommerce-p66-location-data/freqs/img_35.270870, -111.544006_freq_2.png"
118,"35.270870, -111.544006_freq_3",0,"sxm-ecommerce-p66-location-data/freqs/img_35.270870, -111.544006_freq_3.png"
119,"35.270870, -111.544006_freq_4",0,"sxm-ecommerce-p66-location-data/freqs/img_35.270870, -111.544006_freq_4.png"
120,"35.404598, -94.460398_freq_1",0,"sxm-ecommerce-p66-location-data/freqs/img_35.404598, -94.460398_freq_1.png"
121,"35.404598, -94.460398_freq_2",0,"sxm-ecommerce-p66-location-data/freqs/img_35.404598, -94.460398_freq_2.png"
122,"35.404598, -94.460398_freq_3",0,"sxm-ecommerce-p66-location-data/freqs/img_35.404598, -94.460398_freq_3.png"
123,"35.404598, -94.460398_freq_4",0,"sxm-ecommerce-p66-location-data/freqs/img_35.404598, -94.460398_freq_4.png"
124,"35.463771, -97.417655_freq_1",0,"sxm-ecommerce-p66-location-data/freqs/img_35.463771, -97.417655_freq_1.png"
125,"35.463771, -97.417655_freq_2",0,"sxm-ecommerce-p66-location-data/freqs/img_35.463771, -97.417655_freq_2.png"
126,"35.463771, -97.417655_freq_3",0,"sxm-ecommerce-p66-location-data/freqs/img_35.463771, -97.417655_freq_3.png"
127,"35.463771, -97.417655_freq_4",0,"sxm-ecommerce-p66-location-data/freqs/img_35.463771, -97.417655_freq_4.png"
128,"35.464036, -97.530790_freq_1",0,"sxm-ecommerce-p66-location-data/freqs/img_35.464036, -97.530790_freq_1.png"
129,"35.464036, -97.530790_freq_2",0,"sxm-ecommerce-p66-location-data/freqs/img_35.464036, -97.530790_freq_2.png"
130,"35.464036, -97.530790_freq_3",0,"sxm-ecommerce-p66-location-data/freqs/img_35.464036, -97.530790_freq_3.png"
131,"35.464036, -97.530790_freq_4",0,"sxm-ecommerce-p66-location-data/freqs/img_35.464036, -97.530790_freq_4.png"
132,"35.467226, -93.831410_freq_1",0,"sxm-ecommerce-p66-location-data/freqs/img_35.467226, -93.831410_freq_1.png"
133,"35.467226, -93.831410_freq_2",0,"sxm-ecommerce-p66-location-data/freqs/img_35.467226, -93.831410_freq_2.png"
134,"35.467226, -93.831410_freq_3",0,"sxm-ecommerce-p66-location-data/freqs/img_35.467226, -93.831410_freq_3.png"
135,"35.467226, -93.831410_freq_4",0,"sxm-ecommerce-p66-location-data/freqs/img_35.467226, -93.831410_freq_4.png"
136,"35.484282, -120.665052_freq_1",0,"sxm-ecommerce-p66-location-data/freqs/img_35.484282, -120.665052_freq_1.png"
137,"35.484282, -120.665052_freq_2",0,"sxm-ecommerce-p66-location-data/freqs/img_35.484282, -120.665052_freq_2.png"
138,"35.484282, -120.665052_freq_3",0,"sxm-ecommerce-p66-location-data/freqs/img_35.484282, -120.665052_freq_3.png"
139,"35.484282, -120.665052_freq_4",0,"sxm-ecommerce-p66-location-data/freqs/img_35.484282, -120.665052_freq_4.png"
140,"35.507775, -87.226297_freq_1",0,"sxm-ecommerce-p66-location-data/freqs/img_35.507775, -87.226297_freq_1.png"
141,"35.507775, -87.226297_freq_2",0,"sxm-ecommerce-p66-location-data/freqs/img_35.507775, -87.226297_freq_2.png"
142,"35.507775, -87.226297_freq_3",0,"sxm-ecommerce-p66-location-data/freqs/img_35.507775, -87.226297_freq_3.png"
143,"35.507775, -87.226297_freq_4",0,"sxm-ecommerce-p66-location-data/freqs/img_35.507775, -87.226297_freq_4.png"
144,"35.929514, -94.966497_freq_1",0,"sxm-ecommerce-p66-location-data/freqs/img_35.929514, -94.966497_freq_1.png"
145,"35.929514, -94.966497_freq_2",0,"sxm-ecommerce-p66-location-data/freqs/img_35.929514, -94.966497_freq_2.png"
146,"35.929514, -94.966497_freq_3",0,"sxm-ecommerce-p66-location-data/freqs/img_35.929514, -94.966497_freq_3.png"
147,"35.929514, -94.966497_freq_4",0,"sxm-ecommerce-p66-location-data/freqs/img_35.929514, -94.966497_freq_4.png"
148,"35.981815, -87.317253_freq_1",0,"sxm-ecommerce-p66-location-data/freqs/img_35.981815, -87.317253_freq_1.png"
149,"35.981815, -87.317253_freq_2",0,"sxm-ecommerce-p66-location-data/freqs/img_35.981815, -87.317253_freq_2.png"
150,"35.981815, -87.317253_freq_3",0,"sxm-ecommerce-p66-location-data/freqs/img_35.981815, -87.317253_freq_3.png"
151,"35.981815, -87.317253_freq_4",0,"sxm-ecommerce-p66-location-data/freqs/img_35.981815, -87.317253_freq_4.png"
152,"36.168284, -95.922185_freq_1",0,"sxm-ecommerce-p66-location-data/freqs/img_36.168284, -95.922185_freq_1.png"
153,"36.168284, -95.922185_freq_2",0,"sxm-ecommerce-p66-location-data/freqs/img_36.168284, -95.922185_freq_2.png"
154,"36.168284, -95.922185_freq_3",0,"sxm-ecommerce-p66-location-data/freqs/img_36.168284, -95.922185_freq_3.png"
155,"36.168284, -95.922185_freq_4",0,"sxm-ecommerce-p66-location-data/freqs/img_36.168284, -95.922185_freq_4.png"
156,"36.461764, -94.302287_freq_1",0,"sxm-ecommerce-p66-location-data/freqs/img_36.461764, -94.302287_freq_1.png"
157,"36.461764, -94.302287_freq_2",0,"sxm-ecommerce-p66-location-data/freqs/img_36.461764, -94.302287_freq_2.png"
158,"36.461764, -94.302287_freq_3",0,"sxm-ecommerce-p66-location-data/freqs/img_36.461764, -94.302287_freq_3.png"
159,"36.461764, -94.302287_freq_4",0,"sxm-ecommerce-p66-location-data/freqs/img_36.461764, -94.302287_freq_4.png"
160,"36.493792, -90.064697_freq_1",0,"sxm-ecommerce-p66-location-data/freqs/img_36.493792, -90.064697_freq_1.png"
161,"36.493792, -90.064697_freq_2",0,"sxm-ecommerce-p66-location-data/freqs/img_36.493792, -90.064697_freq_2.png"
162,"36.493792, -90.064697_freq_3",0,"sxm-ecommerce-p66-location-data/freqs/img_36.493792, -90.064697_freq_3.png"
163,"36.493792, -90.064697_freq_4",0,"sxm-ecommerce-p66-location-data/freqs/img_36.493792, -90.064697_freq_4.png"
164,"36.642210, -93.204353_freq_1",0,"sxm-ecommerce-p66-location-data/freqs/img_36.642210, -93.204353_freq_1.png"
165,"36.642210, -93.204353_freq_2",0,"sxm-ecommerce-p66-location-data/freqs/img_36.642210, -93.204353_freq_2.png"
166,"36.642210, -93.204353_freq_3",0,"sxm-ecommerce-p66-location-data/freqs/img_36.642210, -93.204353_freq_3.png"
167,"36.642210, -93.204353_freq_4",0,"sxm-ecommerce-p66-location-data/freqs/img_36.642210, -93.204353_freq_4.png"
168,"36.808486, -119.874246_freq_1",0,"sxm-ecommerce-p66-location-data/freqs/img_36.808486, -119.874246_freq_1.png"
169,"36.808486, -119.874246_freq_2",0,"sxm-ecommerce-p66-location-data/freqs/img_36.808486, -119.874246_freq_2.png"
170,"36.808486, -119.874246_freq_3",0,"sxm-ecommerce-p66-location-data/freqs/img_36.808486, -119.874246_freq_3.png"
171,"36.808486, -119.874246_freq_4",0,"sxm-ecommerce-p66-location-data/freqs/img_36.808486, -119.874246_freq_4.png"
172,"36.889373, -89.543597_freq_1",0,"sxm-ecommerce-p66-location-data/freqs/img_36.889373, -89.543597_freq_1.png"
173,"36.889373, -89.543597_freq_2",0,"sxm-ecommerce-p66-location-data/freqs/img_36.889373, -89.543597_freq_2.png"
174,"36.889373, -89.543597_freq_3",0,"sxm-ecommerce-p66-location-data/freqs/img_36.889373, -89.543597_freq_3.png"
175,"36.889373, -89.543597_freq_4",0,"sxm-ecommerce-p66-location-data/freqs/img_36.889373, -89.543597_freq_4.png"
176,"37.056880, -120.855790_freq_1",0,"sxm-ecommerce-p66-location-data/freqs/img_37.056880, -120.855790_freq_1.png"
177,"37.056880, -120.855790_freq_2",0,"sxm-ecommerce-p66-location-data/freqs/img_37.056880, -120.855790_freq_2.png"
178,"37.056880, -120.855790_freq_3",0,"sxm-ecommerce-p66-location-data/freqs/img_37.056880, -120.855790_freq_3.png"
179,"37.056880, -120.855790_freq_4",0,"sxm-ecommerce-p66-location-data/freqs/img_37.056880, -120.855790_freq_4.png"
180,"37.315876, -122.031860_freq_1",0,"sxm-ecommerce-p66-location-data/freqs/img_37.315876, -122.031860_freq_1.png"
181,"37.315876, -122.031860_freq_2",0,"sxm-ecommerce-p66-location-data/freqs/img_37.315876, -122.031860_freq_2.png"
182,"37.315876, -122.031860_freq_3",0,"sxm-ecommerce-p66-location-data/freqs/img_37.315876, -122.031860_freq_3.png"
183,"37.315876, -122.031860_freq_4",0,"sxm-ecommerce-p66-location-data/freqs/img_37.315876, -122.031860_freq_4.png"
184,"37.568253, -122.026146_freq_1",0,"sxm-ecommerce-p66-location-data/freqs/img_37.568253, -122.026146_freq_1.png"
185,"37.568253, -122.026146_freq_2",0,"sxm-ecommerce-p66-location-data/freqs/img_37.568253, -122.026146_freq_2.png"
186,"37.568253, -122.026146_freq_3",0,"sxm-ecommerce-p66-location-data/freqs/img_37.568253, -122.026146_freq_3.png"
187,"37.568253, -122.026146_freq_4",0,"sxm-ecommerce-p66-location-data/freqs/img_37.568253, -122.026146_freq_4.png"
188,"37.570248, -90.286181_freq_1",0,"sxm-ecommerce-p66-location-data/freqs/img_37.570248, -90.286181_freq_1.png"
189,"37.570248, -90.286181_freq_2",0,"sxm-ecommerce-p66-location-data/freqs/img_37.570248, -90.286181_freq_2.png"
190,"37.570248, -90.286181_freq_3",0,"sxm-ecommerce-p66-location-data/freqs/img_37.570248, -90.286181_freq_3.png"
191,"37.570248, -90.286181_freq_4",0,"sxm-ecommerce-p66-location-data/freqs/img_37.570248, -90.286181_freq_4.png"
192,"37.673163, -122.085555_freq_1",0,"sxm-ecommerce-p66-location-data/freqs/img_37.673163, -122.085555_freq_1.png"
193,"37.673163, -122.085555_freq_2",0,"sxm-ecommerce-p66-location-data/freqs/img_37.673163, -122.085555_freq_2.png"
194,"37.673163, -122.085555_freq_3",0,"sxm-ecommerce-p66-location-data/freqs/img_37.673163, -122.085555_freq_3.png"
195,"37.673163, -122.085555_freq_4",0,"sxm-ecommerce-p66-location-data/freqs/img_37.673163, -122.085555_freq_4.png"
196,"37.754088, -100.044436_freq_1",0,"sxm-ecommerce-p66-location-data/freqs/img_37.754088, -100.044436_freq_1.png"
197,"37.754088, -100.044436_freq_2",0,"sxm-ecommerce-p66-location-data/freqs/img_37.754088, -100.044436_freq_2.png"
198,"37.754088, -100.044436_freq_3",0,"sxm-ecommerce-p66-location-data/freqs/img_37.754088, -100.044436_freq_3.png"
199,"37.754088, -100.044436_freq_4",0,"sxm-ecommerce-p66-location-data/freqs/img_37.754088, -100.044436_freq_4.png"
200,"37.761433, -122.477325_freq_1",0,"sxm-ecommerce-p66-location-data/freqs/img_37.761433, -122.477325_freq_1.png"
201,"37.761433, -122.477325_freq_2",0,"sxm-ecommerce-p66-location-data/freqs/img_37.761433, -122.477325_freq_2.png"
202,"37.761433, -122.477325_freq_3",0,"sxm-ecommerce-p66-location-data/freqs/img_37.761433, -122.477325_freq_3.png"
203,"37.761433, -122.477325_freq_4",0,"sxm-ecommerce-p66-location-data/freqs/img_37.761433, -122.477325_freq_4.png"
204,"37.810012, -122.245290_freq_1",0,"sxm-ecommerce-p66-location-data/freqs/img_37.810012, -122.245290_freq_1.png"
205,"37.810012, -122.245290_freq_2",0,"sxm-ecommerce-p66-location-data/freqs/img_37.810012, -122.245290_freq_2.png"
206,"37.810012, -122.245290_freq_3",0,"sxm-ecommerce-p66-location-data/freqs/img_37.810012, -122.245290_freq_3.png"
207,"37.810012, -122.245290_freq_4",0,"sxm-ecommerce-p66-location-data/freqs/img_37.810012, -122.245290_freq_4.png"
208,"38.051319, -97.935127_freq_1",0,"sxm-ecommerce-p66-location-data/freqs/img_38.051319, -97.935127_freq_1.png"
209,"38.051319, -97.935127_freq_2",0,"sxm-ecommerce-p66-location-data/freqs/img_38.051319, -97.935127_freq_2.png"
210,"38.051319, -97.935127_freq_3",0,"sxm-ecommerce-p66-location-data/freqs/img_38.051319, -97.935127_freq_3.png"
211,"38.051319, -97.935127_freq_4",0,"sxm-ecommerce-p66-location-data/freqs/img_38.051319, -97.935127_freq_4.png"
212,"38.306587, -90.531544_freq_1",0,"sxm-ecommerce-p66-location-data/freqs/img_38.306587, -90.531544_freq_1.png"
213,"38.306587, -90.531544_freq_2",0,"sxm-ecommerce-p66-location-data/freqs/img_38.306587, -90.531544_freq_2.png"
214,"38.306587, -90.531544_freq_3",0,"sxm-ecommerce-p66-location-data/freqs/img_38.306587, -90.531544_freq_3.png"
215,"38.306587, -90.531544_freq_4",0,"sxm-ecommerce-p66-location-data/freqs/img_38.306587, -90.531544_freq_4.png"
216,"38.452114, -122.750846_freq_1",0,"sxm-ecommerce-p66-location-data/freqs/img_38.452114, -122.750846_freq_1.png"
217,"38.452114, -122.750846_freq_2",0,"sxm-ecommerce-p66-location-data/freqs/img_38.452114, -122.750846_freq_2.png"
218,"38.452114, -122.750846_freq_3",0,"sxm-ecommerce-p66-location-data/freqs/img_38.452114, -122.750846_freq_3.png"
219,"38.452114, -122.750846_freq_4",0,"sxm-ecommerce-p66-location-data/freqs/img_38.452114, -122.750846_freq_4.png"
220,"38.502609, -90.298036_freq_1",0,"sxm-ecommerce-p66-location-data/freqs/img_38.502609, -90.298036_freq_1.png"
221,"38.502609, -90.298036_freq_2",0,"sxm-ecommerce-p66-location-data/freqs/img_38.502609, -90.298036_freq_2.png"
222,"38.502609, -90.298036_freq_3",0,"sxm-ecommerce-p66-location-data/freqs/img_38.502609, -90.298036_freq_3.png"
223,"38.502609, -90.298036_freq_4",0,"sxm-ecommerce-p66-location-data/freqs/img_38.502609, -90.298036_freq_4.png"
224,"38.542992, -90.192497_freq_1",0,"sxm-ecommerce-p66-location-data/freqs/img_38.542992, -90.192497_freq_1.png"
225,"38.542992, -90.192497_freq_2",0,"sxm-ecommerce-p66-location-data/freqs/img_38.542992, -90.192497_freq_2.png"
226,"38.542992, -90.192497_freq_3",0,"sxm-ecommerce-p66-location-data/freqs/img_38.542992, -90.192497_freq_3.png"
227,"38.542992, -90.192497_freq_4",0,"sxm-ecommerce-p66-location-data/freqs/img_38.542992, -90.192497_freq_4.png"
228,"38.567398, -90.495452_freq_1",0,"sxm-ecommerce-p66-location-data/freqs/img_38.567398, -90.495452_freq_1.png"
229,"38.567398, -90.495452_freq_2",0,"sxm-ecommerce-p66-location-data/freqs/img_38.567398, -90.495452_freq_2.png"
230,"38.567398, -90.495452_freq_3",0,"sxm-ecommerce-p66-location-data/freqs/img_38.567398, -90.495452_freq_3.png"
231,"38.567398, -90.495452_freq_4",0,"sxm-ecommerce-p66-location-data/freqs/img_38.567398, -90.495452_freq_4.png"
232,"38.664221, -121.272608_freq_1",0,"sxm-ecommerce-p66-location-data/freqs/img_38.664221, -121.272608_freq_1.png"
233,"38.664221, -121.272608_freq_2",0,"sxm-ecommerce-p66-location-data/freqs/img_38.664221, -121.272608_freq_2.png"
234,"38.664221, -121.272608_freq_3",0,"sxm-ecommerce-p66-location-data/freqs/img_38.664221, -121.272608_freq_3.png"
235,"38.664221, -121.272608_freq_4",0,"sxm-ecommerce-p66-location-data/freqs/img_38.664221, -121.272608_freq_4.png"
236,"38.685054, -90.339324_freq_1",0,"sxm-ecommerce-p66-location-data/freqs/img_38.685054, -90.339324_freq_1.png"
237,"38.685054, -90.339324_freq_2",0,"sxm-ecommerce-p66-location-data/freqs/img_38.685054, -90.339324_freq_2.png"
238,"38.685054, -90.339324_freq_3",0,"sxm-ecommerce-p66-location-data/freqs/img_38.685054, -90.339324_freq_3.png"
239,"38.685054, -90.339324_freq_4",0,"sxm-ecommerce-p66-location-data/freqs/img_38.685054, -90.339324_freq_4.png"
240,"38.701206, -90.263960_freq_1",0,"sxm-ecommerce-p66-location-data/freqs/img_38.701206, -90.263960_freq_1.png"
241,"38.701206, -90.263960_freq_2",0,"sxm-ecommerce-p66-location-data/freqs/img_38.701206, -90.263960_freq_2.png"
242,"38.701206, -90.263960_freq_3",0,"sxm-ecommerce-p66-location-data/freqs/img_38.701206, -90.263960_freq_3.png"
243,"38.701206, -90.263960_freq_4",0,"sxm-ecommerce-p66-location-data/freqs/img_38.701206, -90.263960_freq_4.png"
244,"38.709484, -90.880325_freq_1",0,"sxm-ecommerce-p66-location-data/freqs/img_38.709484, -90.880325_freq_1.png"
245,"38.709484, -90.880325_freq_2",0,"sxm-ecommerce-p66-location-data/freqs/img_38.709484, -90.880325_freq_2.png"
246,"38.709484, -90.880325_freq_3",0,"sxm-ecommerce-p66-location-data/freqs/img_38.709484, -90.880325_freq_3.png"
247,"38.709484, -90.880325_freq_4",0,"sxm-ecommerce-p66-location-data/freqs/img_38.709484, -90.880325_freq_4.png"
248,"38.798163, -90.559493_freq_1",0,"sxm-ecommerce-p66-location-data/freqs/img_38.798163, -90.559493_freq_1.png"
249,"38.798163, -90.559493_freq_2",0,"sxm-ecommerce-p66-location-data/freqs/img_38.798163, -90.559493_freq_2.png"
250,"38.798163, -90.559493_freq_3",0,"sxm-ecommerce-p66-location-data/freqs/img_38.798163, -90.559493_freq_3.png"
251,"38.798163, -90.559493_freq_4",0,"sxm-ecommerce-p66-location-data/freqs/img_38.798163, -90.559493_freq_4.png"
252,"38.856704, -104.719581_freq_1",0,"sxm-ecommerce-p66-location-data/freqs/img_38.856704, -104.719581_freq_1.png"
253,"38.856704, -104.719581_freq_2",0,"sxm-ecommerce-p66-location-data/freqs/img_38.856704, -104.719581_freq_2.png"
254,"38.856704, -104.719581_freq_3",0,"sxm-ecommerce-p66-location-data/freqs/img_38.856704, -104.719581_freq_3.png"
255,"38.856704, -104.719581_freq_4",0,"sxm-ecommerce-p66-location-data/freqs/img_38.856704, -104.719581_freq_4.png"
256,"38.883829, -94.800514_freq_1",0,"sxm-ecommerce-p66-location-data/freqs/img_38.883829, -94.800514_freq_1.png"
257,"38.883829, -94.800514_freq_2",0,"sxm-ecommerce-p66-location-data/freqs/img_38.883829, -94.800514_freq_2.png"
258,"38.883829, -94.800514_freq_3",0,"sxm-ecommerce-p66-location-data/freqs/img_38.883829, -94.800514_freq_3.png"
259,"38.883829, -94.800514_freq_4",0,"sxm-ecommerce-p66-location-data/freqs/img_38.883829, -94.800514_freq_4.png"
260,"38.886021, -94.724304_freq_1",0,"sxm-ecommerce-p66-location-data/freqs/img_38.886021, -94.724304_freq_1.png"
261,"38.886021, -94.724304_freq_2",0,"sxm-ecommerce-p66-location-data/freqs/img_38.886021, -94.724304_freq_2.png"
262,"38.886021, -94.724304_freq_3",0,"sxm-ecommerce-p66-location-data/freqs/img_38.886021, -94.724304_freq_3.png"
263,"38.886021, -94.724304_freq_4",0,"sxm-ecommerce-p66-location-data/freqs/img_38.886021, -94.724304_freq_4.png"
264,"38.974446, -94.551028_freq_1",0,"sxm-ecommerce-p66-location-data/freqs/img_38.974446, -94.551028_freq_1.png"
265,"38.974446, -94.551028_freq_2",0,"sxm-ecommerce-p66-location-data/freqs/img_38.974446, -94.551028_freq_2.png"
266,"38.974446, -94.551028_freq_3",0,"sxm-ecommerce-p66-location-data/freqs/img_38.974446, -94.551028_freq_3.png"
267,"38.974446, -94.551028_freq_4",0,"sxm-ecommerce-p66-location-data/freqs/img_38.974446, -94.551028_freq_4.png"
268,"39.014388, -94.736880_freq_1",0,"sxm-ecommerce-p66-location-data/freqs/img_39.014388, -94.736880_freq_1.png"
269,"39.014388, -94.736880_freq_2",0,"sxm-ecommerce-p66-location-data/freqs/img_39.014388, -94.736880_freq_2.png"
270,"39.014388, -94.736880_freq_3",0,"sxm-ecommerce-p66-location-data/freqs/img_39.014388, -94.736880_freq_3.png"
271,"39.014388, -94.736880_freq_4",0,"sxm-ecommerce-p66-location-data/freqs/img_39.014388, -94.736880_freq_4.png"
272,"39.173099, -91.886520_freq_1",0,"sxm-ecommerce-p66-location-data/freqs/img_39.173099, -91.886520_freq_1.png"
273,"39.173099, -91.886520_freq_2",0,"sxm-ecommerce-p66-location-data/freqs/img_39.173099, -91.886520_freq_2.png"
274,"39.173099, -91.886520_freq_3",0,"sxm-ecommerce-p66-location-data/freqs/img_39.173099, -91.886520_freq_3.png"
275,"39.173099, -91.886520_freq_4",0,"sxm-ecommerce-p66-location-data/freqs/img_39.173099, -91.886520_freq_4.png"
276,"39.392193, -119.790039_freq_1",0,"sxm-ecommerce-p66-location-data/freqs/img_39.392193, -119.790039_freq_1.png"
277,"39.392193, -119.790039_freq_2",0,"sxm-ecommerce-p66-location-data/freqs/img_39.392193, -119.790039_freq_2.png"
278,"39.392193, -119.790039_freq_3",0,"sxm-ecommerce-p66-location-data/freqs/img_39.392193, -119.790039_freq_3.png"
279,"39.392193, -119.790039_freq_4",0,"sxm-ecommerce-p66-location-data/freqs/img_39.392193, -119.790039_freq_4.png"
280,"39.620273, -104.888916_freq_1",0,"sxm-ecommerce-p66-location-data/freqs/img_39.620273, -104.888916_freq_1.png"
281,"39.620273, -104.888916_freq_2",0,"sxm-ecommerce-p66-location-data/freqs/img_39.620273, -104.888916_freq_2.png"
282,"39.620273, -104.888916_freq_3",0,"sxm-ecommerce-p66-location-data/freqs/img_39.620273, -104.888916_freq_3.png"
283,"39.620273, -104.888916_freq_4",0,"sxm-ecommerce-p66-location-data/freqs/img_39.620273, -104.888916_freq_4.png"
284,"39.695696, -105.071700_freq_1",0,"sxm-ecommerce-p66-location-data/freqs/img_39.695696, -105.071700_freq_1.png"
285,"39.695696, -105.071700_freq_2",0,"sxm-ecommerce-p66-location-data/freqs/img_39.695696, -105.071700_freq_2.png"
286,"39.695696, -105.071700_freq_3",0,"sxm-ecommerce-p66-location-data/freqs/img_39.695696, -105.071700_freq_3.png"
287,"39.695696, -105.071700_freq_4",0,"sxm-ecommerce-p66-location-data/freqs/img_39.695696, -105.071700_freq_4.png"
288,"39.781769, -86.083413_freq_1",0,"sxm-ecommerce-p66-location-data/freqs/img_39.781769, -86.083413_freq_1.png"
289,"39.781769, -86.083413_freq_2",0,"sxm-ecommerce-p66-location-data/freqs/img_39.781769, -86.083413_freq_2.png"
290,"39.781769, -86.083413_freq_3",0,"sxm-ecommerce-p66-location-data/freqs/img_39.781769, -86.083413_freq_3.png"
291,"39.781769, -86.083413_freq_4",0,"sxm-ecommerce-p66-location-data/freqs/img_39.781769, -86.083413_freq_4.png"
292,"39.855786, -104.956085_freq_1",0,"sxm-ecommerce-p66-location-data/freqs/img_39.855786, -104.956085_freq_1.png"
293,"39.855786, -104.956085_freq_2",0,"sxm-ecommerce-p66-location-data/freqs/img_39.855786, -104.956085_freq_2.png"
294,"39.855786, -104.956085_freq_3",0,"sxm-ecommerce-p66-location-data/freqs/img_39.855786, -104.956085_freq_3.png"
295,"39.855786, -104.956085_freq_4",0,"sxm-ecommerce-p66-location-data/freqs/img_39.855786, -104.956085_freq_4.png"
296,"39.875982, -75.121634_freq_1",0,"sxm-ecommerce-p66-location-data/freqs/img_39.875982, -75.121634_freq_1.png"
297,"39.875982, -75.121634_freq_2",0,"sxm-ecommerce-p66-location-data/freqs/img_39.875982, -75.121634_freq_2.png"
298,"39.875982, -75.121634_freq_3",0,"sxm-ecommerce-p66-location-data/freqs/img_39.875982, -75.121634_freq_3.png"
299,"39.875982, -75.121634_freq_4",0,"sxm-ecommerce-p66-location-data/freqs/img_39.875982, -75.121634_freq_4.png"
300,"39.914940, -105.006603_freq_1",0,"sxm-ecommerce-p66-location-data/freqs/img_39.914940, -105.006603_freq_1.png"
301,"39.914940, -105.006603_freq_2",0,"sxm-ecommerce-p66-location-data/freqs/img_39.914940, -105.006603_freq_2.png"
302,"39.914940, -105.006603_freq_3",0,"sxm-ecommerce-p66-location-data/freqs/img_39.914940, -105.006603_freq_3.png"
303,"39.914940, -105.006603_freq_4",0,"sxm-ecommerce-p66-location-data/freqs/img_39.914940, -105.006603_freq_4.png"
304,"40.051826, -105.055939_freq_1",0,"sxm-ecommerce-p66-location-data/freqs/img_40.051826, -105.055939_freq_1.png"
305,"40.051826, -105.055939_freq_2",0,"sxm-ecommerce-p66-location-data/freqs/img_40.051826, -105.055939_freq_2.png"
306,"40.051826, -105.055939_freq_3",0,"sxm-ecommerce-p66-location-data/freqs/img_40.051826, -105.055939_freq_3.png"
307,"40.051826, -105.055939_freq_4",0,"sxm-ecommerce-p66-location-data/freqs/img_40.051826, -105.055939_freq_4.png"
308,"40.127765, -75.347696_freq_1",0,"sxm-ecommerce-p66-location-data/freqs/img_40.127765, -75.347696_freq_1.png"
309,"40.127765, -75.347696_freq_2",0,"sxm-ecommerce-p66-location-data/freqs/img_40.127765, -75.347696_freq_2.png"
310,"40.127765, -75.347696_freq_3",0,"sxm-ecommerce-p66-location-data/freqs/img_40.127765, -75.347696_freq_3.png"
311,"40.127765, -75.347696_freq_4",0,"sxm-ecommerce-p66-location-data/freqs/img_40.127765, -75.347696_freq_4.png"
312,"40.364099, -111.742177_freq_1",0,"sxm-ecommerce-p66-location-data/freqs/img_40.364099, -111.742177_freq_1.png"
313,"40.364099, -111.742177_freq_2",0,"sxm-ecommerce-p66-location-data/freqs/img_40.364099, -111.742177_freq_2.png"
314,"40.364099, -111.742177_freq_3",0,"sxm-ecommerce-p66-location-data/freqs/img_40.364099, -111.742177_freq_3.png"
315,"40.364099, -111.742177_freq_4",0,"sxm-ecommerce-p66-location-data/freqs/img_40.364099, -111.742177_freq_4.png"
316,"40.588079, -111.958350_freq_1",0,"sxm-ecommerce-p66-location-data/freqs/img_40.588079, -111.958350_freq_1.png"
317,"40.588079, -111.958350_freq_2",0,"sxm-ecommerce-p66-location-data/freqs/img_40.588079, -111.958350_freq_2.png"
318,"40.588079, -111.958350_freq_3",0,"sxm-ecommerce-p66-location-data/freqs/img_40.588079, -111.958350_freq_3.png"
319,"40.588079, -111.958350_freq_4",0,"sxm-ecommerce-p66-location-data/freqs/img_40.588079, -111.958350_freq_4.png"
320,"40.788970, -91.115783_freq_1",0,"sxm-ecommerce-p66-location-data/freqs/img_40.788970, -91.115783_freq_1.png"
321,"40.788970, -91.115783_freq_2",0,"sxm-ecommerce-p66-location-data/freqs/img_40.788970, -91.115783_freq_2.png"
322,"40.788970, -91.115783_freq_3",0,"sxm-ecommerce-p66-location-data/freqs/img_40.788970, -91.115783_freq_3.png"
323,"40.788970, -91.115783_freq_4",0,"sxm-ecommerce-p66-location-data/freqs/img_40.788970, -91.115783_freq_4.png"
324,"40.804153, -96.682148_freq_1",0,"sxm-ecommerce-p66-location-data/freqs/img_40.804153, -96.682148_freq_1.png"
325,"40.804153, -96.682148_freq_2",0,"sxm-ecommerce-p66-location-data/freqs/img_40.804153, -96.682148_freq_2.png"
326,"40.804153, -96.682148_freq_3",0,"sxm-ecommerce-p66-location-data/freqs/img_40.804153, -96.682148_freq_3.png"
327,"40.804153, -96.682148_freq_4",0,"sxm-ecommerce-p66-location-data/freqs/img_40.804153, -96.682148_freq_4.png"
328,"40.826027, -91.208710_freq_1",0,"sxm-ecommerce-p66-location-data/freqs/img_40.826027, -91.208710_freq_1.png"
329,"40.826027, -91.208710_freq_2",0,"sxm-ecommerce-p66-location-data/freqs/img_40.826027, -91.208710_freq_2.png"
330,"40.826027, -91.208710_freq_3",0,"sxm-ecommerce-p66-location-data/freqs/img_40.826027, -91.208710_freq_3.png"
331,"40.826027, -91.208710_freq_4",0,"sxm-ecommerce-p66-location-data/freqs/img_40.826027, -91.208710_freq_4.png"
332,"41.113269, -85.176869_freq_1",0,"sxm-ecommerce-p66-location-data/freqs/img_41.113269, -85.176869_freq_1.png"
333,"41.113269, -85.176869_freq_2",0,"sxm-ecommerce-p66-location-data/freqs/img_41.113269, -85.176869_freq_2.png"
334,"41.113269, -85.176869_freq_3",0,"sxm-ecommerce-p66-location-data/freqs/img_41.113269, -85.176869_freq_3.png"
335,"41.113269, -85.176869_freq_4",0,"sxm-ecommerce-p66-location-data/freqs/img_41.113269, -85.176869_freq_4.png"
336,"41.260788, -96.177233_freq_1",0,"sxm-ecommerce-p66-location-data/freqs/img_41.260788, -96.177233_freq_1.png"
337,"41.260788, -96.177233_freq_2",0,"sxm-ecommerce-p66-location-data/freqs/img_41.260788, -96.177233_freq_2.png"
338,"41.260788, -96.177233_freq_3",0,"sxm-ecommerce-p66-location-data/freqs/img_41.260788, -96.177233_freq_3.png"
339,"41.260788, -96.177233_freq_4",0,"sxm-ecommerce-p66-location-data/freqs/img_41.260788, -96.177233_freq_4.png"
340,"41.651033, -86.216179_freq_1",0,"sxm-ecommerce-p66-location-data/freqs/img_41.651033, -86.216179_freq_1.png"
341,"41.651033, -86.216179_freq_2",0,"sxm-ecommerce-p66-location-data/freqs/img_41.651033, -86.216179_freq_2.png"
342,"41.651033, -86.216179_freq_3",0,"sxm-ecommerce-p66-location-data/freqs/img_41.651033, -86.216179_freq_3.png"
343,"41.651033, -86.216179_freq_4",0,"sxm-ecommerce-p66-location-data/freqs/img_41.651033, -86.216179_freq_4.png"
344,"42.325612, -88.983268_freq_1",0,"sxm-ecommerce-p66-location-data/freqs/img_42.325612, -88.983268_freq_1.png"
345,"42.325612, -88.983268_freq_2",0,"sxm-ecommerce-p66-location-data/freqs/img_42.325612, -88.983268_freq_2.png"
346,"42.325612, -88.983268_freq_3",0,"sxm-ecommerce-p66-location-data/freqs/img_42.325612, -88.983268_freq_3.png"
347,"42.325612, -88.983268_freq_4",0,"sxm-ecommerce-p66-location-data/freqs/img_42.325612, -88.983268_freq_4.png"
348,"42.436798, -96.413577_freq_1",0,"sxm-ecommerce-p66-location-data/freqs/img_42.436798, -96.413577_freq_1.png"
349,"42.436798, -96.413577_freq_2",0,"sxm-ecommerce-p66-location-data/freqs/img_42.436798, -96.413577_freq_2.png"
350,"42.436798, -96.413577_freq_3",0,"sxm-ecommerce-p66-location-data/freqs/img_42.436798, -96.413577_freq_3.png"
351,"42.436798, -96.413577_freq_4",0,"sxm-ecommerce-p66-location-data/freqs/img_42.436798, -96.413577_freq_4.png"
352,"42.530085, -98.971011_freq_1",0,"sxm-ecommerce-p66-location-data/freqs/img_42.530085, -98.971011_freq_1.png"
353,"42.530085, -98.971011_freq_2",0,"sxm-ecommerce-p66-location-data/freqs/img_42.530085, -98.971011_freq_2.png"
354,"42.530085, -98.971011_freq_3",0,"sxm-ecommerce-p66-location-data/freqs/img_42.530085, -98.971011_freq_3.png"
355,"42.530085, -98.971011_freq_4",0,"sxm-ecommerce-p66-location-data/freqs/img_42.530085, -98.971011_freq_4.png"
356,"43.467882, -112.003715_freq_1",0,"sxm-ecommerce-p66-location-data/freqs/img_43.467882, -112.003715_freq_1.png"
357,"43.467882, -112.003715_freq_2",0,"sxm-ecommerce-p66-location-data/freqs/img_43.467882, -112.003715_freq_2.png"
358,"43.467882, -112.003715_freq_3",0,"sxm-ecommerce-p66-location-data/freqs/img_43.467882, -112.003715_freq_3.png"
359,"43.467882, -112.003715_freq_4",0,"sxm-ecommerce-p66-location-data/freqs/img_43.467882, -112.003715_freq_4.png"
360,"44.045524, -122.966851_freq_1",0,"sxm-ecommerce-p66-location-data/freqs/img_44.045524, -122.966851_freq_1.png"
361,"44.045524, -122.966851_freq_2",0,"sxm-ecommerce-p66-location-data/freqs/img_44.045524, -122.966851_freq_2.png"
362,"44.045524, -122.966851_freq_3",0,"sxm-ecommerce-p66-location-data/freqs/img_44.045524, -122.966851_freq_3.png"
363,"44.045524, -122.966851_freq_4",0,"sxm-ecommerce-p66-location-data/freqs/img_44.045524, -122.966851_freq_4.png"
364,"44.067844, -103.195831_freq_1",0,"sxm-ecommerce-p66-location-data/freqs/img_44.067844, -103.195831_freq_1.png"
365,"44.067844, -103.195831_freq_2",0,"sxm-ecommerce-p66-location-data/freqs/img_44.067844, -103.195831_freq_2.png"
366,"44.067844, -103.195831_freq_3",0,"sxm-ecommerce-p66-location-data/freqs/img_44.067844, -103.195831_freq_3.png"
367,"44.067844, -103.195831_freq_4",0,"sxm-ecommerce-p66-location-data/freqs/img_44.067844, -103.195831_freq_4.png"
368,"45.306483, -122.948029_freq_1",0,"sxm-ecommerce-p66-location-data/freqs/img_45.306483, -122.948029_freq_1.png"
369,"45.306483, -122.948029_freq_2",0,"sxm-ecommerce-p66-location-data/freqs/img_45.306483, -122.948029_freq_2.png"
370,"45.306483, -122.948029_freq_3",0,"sxm-ecommerce-p66-location-data/freqs/img_45.306483, -122.948029_freq_3.png"
371,"45.306483, -122.948029_freq_4",0,"sxm-ecommerce-p66-location-data/freqs/img_45.306483, -122.948029_freq_4.png"
372,"45.415814, -122.593356_freq_1",0,"sxm-ecommerce-p66-location-data/freqs/img_45.415814, -122.593356_freq_1.png"
373,"45.415814, -122.593356_freq_2",0,"sxm-ecommerce-p66-location-data/freqs/img_45.415814, -122.593356_freq_2.png"
374,"45.415814, -122.593356_freq_3",0,"sxm-ecommerce-p66-location-data/freqs/img_45.415814, -122.593356_freq_3.png"
375,"45.415814, -122.593356_freq_4",0,"sxm-ecommerce-p66-location-data/freqs/img_45.415814, -122.593356_freq_4.png"
376,"45.504331, -122.475114_freq_1",0,"sxm-ecommerce-p66-location-data/freqs/img_45.504331, -122.475114_freq_1.png"
377,"45.504331, -122.475114_freq_2",0,"sxm-ecommerce-p66-location-data/freqs/img_45.504331, -122.475114_freq_2.png"
378,"45.504331, -122.475114_freq_3",0,"sxm-ecommerce-p66-location-data/freqs/img_45.504331, -122.475114_freq_3.png"
379,"45.504331, -122.475114_freq_4",0,"sxm-ecommerce-p66-location-data/freqs/img_45.504331, -122.475114_freq_4.png"
380,"45.831864, -109.961836_freq_1",0,"sxm-ecommerce-p66-location-data/freqs/img_45.831864, -109.961836_freq_1.png"
381,"45.831864, -109.961836_freq_2",0,"sxm-ecommerce-p66-location-data/freqs/img_45.831864, -109.961836_freq_2.png"
382,"45.831864, -109.961836_freq_3",0,"sxm-ecommerce-p66-location-data/freqs/img_45.831864, -109.961836_freq_3.png"
383,"45.831864, -109.961836_freq_4",0,"sxm-ecommerce-p66-location-data/freqs/img_45.831864, -109.961836_freq_4.png"
384,"46.316134, -117.988836_freq_1",0,"sxm-ecommerce-p66-location-data/freqs/img_46.316134, -117.988836_freq_1.png"
385,"46.316134, -117.988836_freq_2",0,"sxm-ecommerce-p66-location-data/freqs/img_46.316134, -117.988836_freq_2.png"
386,"46.316134, -117.988836_freq_3",0,"sxm-ecommerce-p66-location-data/freqs/img_46.316134, -117.988836_freq_3.png"
387,"46.316134, -117.988836_freq_4",0,"sxm-ecommerce-p66-location-data/freqs/img_46.316134, -117.988836_freq_4.png"
388,"46.599908, -120.572529_freq_1",0,"sxm-ecommerce-p66-location-data/freqs/img_46.599908, -120.572529_freq_1.png"
389,"46.599908, -120.572529_freq_2",0,"sxm-ecommerce-p66-location-data/freqs/img_46.599908, -120.572529_freq_2.png"
390,"46.599908, -120.572529_freq_3",0,"sxm-ecommerce-p66-location-data/freqs/img_46.599908, -120.572529_freq_3.png"
391,"46.599908, -120.572529_freq_4",0,"sxm-ecommerce-p66-location-data/freqs/img_46.599908, -120.572529_freq_4.png"
392,"47.138551, -122.525624_freq_1",0,"sxm-ecommerce-p66-location-data/freqs/img_47.138551, -122.525624_freq_1.png"
393,"47.138551, -122.525624_freq_2",0,"sxm-ecommerce-p66-location-data/freqs/img_47.138551, -122.525624_freq_2.png"
394,"47.138551, -122.525624_freq_3",0,"sxm-ecommerce-p66-location-data/freqs/img_47.138551, -122.525624_freq_3.png"
395,"47.138551, -122.525624_freq_4",0,"sxm-ecommerce-p66-location-data/freqs/img_47.138551, -122.525624_freq_4.png"
396,"48.398601, -122.328557_freq_1",0,"sxm-ecommerce-p66-location-data/freqs/img_48.398601, -122.328557_freq_1.png"
397,"48.398601, -122.328557_freq_2",0,"sxm-ecommerce-p66-location-data/freqs/img_48.398601, -122.328557_freq_2.png"
398,"48.398601, -122.328557_freq_3",0,"sxm-ecommerce-p66-location-data/freqs/img_48.398601, -122.328557_freq_3.png"
399,"48.398601, -122.328557_freq_4",0,"sxm-ecommerce-p66-location-data/freqs/img_48.398601, -122.328557_freq_4.png"
